{
    "version": "0.4",
    "title": "404 Page",
    "type": "section",
    "metadata": {
        "template_type": "single-404",
        "include_in_zip": "1",
        "elementor_pro_required": null,
        "wp_page_template": "elementor_canvas"
    },
    "content": [
        {
            "id": "5545aa46",
            "settings": {
                "flex_direction": "column",
                "min_height": {
                    "unit": "vh",
                    "size": 100,
                    "sizes": []
                },
                "min_height_tablet": {
                    "unit": "vh",
                    "size": "",
                    "sizes": []
                },
                "min_height_mobile": {
                    "unit": "vh",
                    "size": "",
                    "sizes": []
                },
                "flex_justify_content": "center",
                "background_background": "classic",
                "background_overlay_background": "classic",
                "background_overlay_image": {
                    "url": "https:\/\/askit.dextheme.net\/seniora\/wp-content\/uploads\/sites\/8\/2024\/03\/69FUEBN.png",
                    "id": 745,
                    "size": "",
                    "alt": "",
                    "source": "library"
                },
                "background_overlay_position": "center center",
                "background_overlay_repeat": "no-repeat",
                "background_overlay_size": "cover",
                "background_overlay_opacity": {
                    "unit": "px",
                    "size": 0.1,
                    "sizes": []
                },
                "__globals__": {
                    "background_color": "globals\/colors?id=6e1f86b"
                }
            },
            "elements": [
                {
                    "id": "eb05e27",
                    "settings": {
                        "title": "404",
                        "header_size": "h1",
                        "align": "center",
                        "__globals__": {
                            "title_color": "globals\/colors?id=primary"
                        }
                    },
                    "elements": [],
                    "isInner": false,
                    "widgetType": "heading",
                    "elType": "widget"
                },
                {
                    "id": "4f5d68fa",
                    "settings": {
                        "title": "Oops! Looks Like a Wrong Turn",
                        "header_size": "h3",
                        "align": "center"
                    },
                    "elements": [],
                    "isInner": false,
                    "widgetType": "heading",
                    "elType": "widget"
                },
                {
                    "id": "c581fba",
                    "settings": {
                        "align_tablet": "center",
                        "_flex_align_self": "center",
                        "editor": "<p>Lorem ipsum dolor sit amet, consectetur adipiscing elit. Proin venenatis placerat nibh, ut volutpat est lobortis nec. Donec eget augue nec arcu porta gravida in sit amet tortor. Integer venenatis, nibh a imperdiet consequat.<\/p>",
                        "align": "center",
                        "_element_width": "initial",
                        "_element_custom_width": {
                            "unit": "%",
                            "size": 70,
                            "sizes": []
                        },
                        "_element_custom_width_mobile": {
                            "unit": "%",
                            "size": 100,
                            "sizes": []
                        },
                        "_element_custom_width_tablet": {
                            "unit": "%",
                            "size": 100,
                            "sizes": []
                        },
                        "__globals__": {
                            "text_color": ""
                        },
                        "_background_color_stop_tablet": {
                            "unit": "%",
                            "size": "",
                            "sizes": []
                        },
                        "_background_color_stop_mobile": {
                            "unit": "%",
                            "size": "",
                            "sizes": []
                        },
                        "_background_color_b_stop_tablet": {
                            "unit": "%",
                            "size": "",
                            "sizes": []
                        },
                        "_background_color_b_stop_mobile": {
                            "unit": "%",
                            "size": "",
                            "sizes": []
                        },
                        "_background_gradient_angle_tablet": {
                            "unit": "deg",
                            "size": "",
                            "sizes": []
                        },
                        "_background_gradient_angle_mobile": {
                            "unit": "deg",
                            "size": "",
                            "sizes": []
                        },
                        "_background_hover_color_stop_tablet": {
                            "unit": "%",
                            "size": "",
                            "sizes": []
                        },
                        "_background_hover_color_stop_mobile": {
                            "unit": "%",
                            "size": "",
                            "sizes": []
                        },
                        "_background_hover_color_b_stop_tablet": {
                            "unit": "%",
                            "size": "",
                            "sizes": []
                        },
                        "_background_hover_color_b_stop_mobile": {
                            "unit": "%",
                            "size": "",
                            "sizes": []
                        },
                        "_background_hover_gradient_angle_tablet": {
                            "unit": "deg",
                            "size": "",
                            "sizes": []
                        },
                        "_background_hover_gradient_angle_mobile": {
                            "unit": "deg",
                            "size": "",
                            "sizes": []
                        }
                    },
                    "elements": [],
                    "isInner": false,
                    "widgetType": "text-editor",
                    "elType": "widget"
                },
                {
                    "id": "7df19f6c",
                    "settings": {
                        "text": "Back to Home",
                        "link": {
                            "url": "https:\/\/askit.dextheme.net\/seniora\/template-kit\/home\/",
                            "is_external": "",
                            "nofollow": "",
                            "custom_attributes": ""
                        },
                        "align": "center"
                    },
                    "elements": [],
                    "isInner": false,
                    "widgetType": "button",
                    "elType": "widget"
                }
            ],
            "isInner": false,
            "elType": "container"
        }
    ],
    "page_settings": {
        "hide_title": "yes",
        "template": "elementor_canvas"
    }
}