{
    "version": "0.4",
    "title": "Blog",
    "type": "section",
    "metadata": {
        "template_type": "archive-blog",
        "include_in_zip": "1",
        "elementor_pro_required": null,
        "wp_page_template": "elementor_header_footer"
    },
    "content": [
        {
            "id": "dc9c65",
            "settings": {
                "flex_direction": "column",
                "min_height": {
                    "unit": "vh",
                    "size": 45,
                    "sizes": []
                },
                "min_height_tablet": {
                    "unit": "vh",
                    "size": "",
                    "sizes": []
                },
                "min_height_mobile": {
                    "unit": "vh",
                    "size": "",
                    "sizes": []
                },
                "flex_justify_content": "center",
                "flex_gap": {
                    "column": "5",
                    "row": "5",
                    "isLinked": true,
                    "unit": "px",
                    "size": 5
                },
                "background_background": "classic",
                "background_image": {
                    "url": "https:\/\/askit.dextheme.net\/seniora\/wp-content\/uploads\/sites\/8\/2024\/03\/6KU9FEM.jpg",
                    "id": 369,
                    "size": "",
                    "alt": "",
                    "source": "library"
                },
                "background_position": "center center",
                "background_repeat": "no-repeat",
                "background_size": "cover",
                "background_overlay_background": "classic",
                "background_overlay_opacity": {
                    "unit": "px",
                    "size": 0.4,
                    "sizes": []
                },
                "__globals__": {
                    "background_overlay_color": "globals\/colors?id=c41bd45"
                },
                "_title": "Header Page"
            },
            "elements": [
                {
                    "id": "51d7bad",
                    "settings": {
                        "title": "Blog",
                        "__globals__": {
                            "title_color": "globals\/colors?id=secondary"
                        },
                        "_background_color_stop_tablet": {
                            "unit": "%",
                            "size": "",
                            "sizes": []
                        },
                        "_background_color_stop_mobile": {
                            "unit": "%",
                            "size": "",
                            "sizes": []
                        },
                        "_background_color_b_stop_tablet": {
                            "unit": "%",
                            "size": "",
                            "sizes": []
                        },
                        "_background_color_b_stop_mobile": {
                            "unit": "%",
                            "size": "",
                            "sizes": []
                        },
                        "_background_gradient_angle_tablet": {
                            "unit": "deg",
                            "size": "",
                            "sizes": []
                        },
                        "_background_gradient_angle_mobile": {
                            "unit": "deg",
                            "size": "",
                            "sizes": []
                        },
                        "_background_hover_color_stop_tablet": {
                            "unit": "%",
                            "size": "",
                            "sizes": []
                        },
                        "_background_hover_color_stop_mobile": {
                            "unit": "%",
                            "size": "",
                            "sizes": []
                        },
                        "_background_hover_color_b_stop_tablet": {
                            "unit": "%",
                            "size": "",
                            "sizes": []
                        },
                        "_background_hover_color_b_stop_mobile": {
                            "unit": "%",
                            "size": "",
                            "sizes": []
                        },
                        "_background_hover_gradient_angle_tablet": {
                            "unit": "deg",
                            "size": "",
                            "sizes": []
                        },
                        "_background_hover_gradient_angle_mobile": {
                            "unit": "deg",
                            "size": "",
                            "sizes": []
                        }
                    },
                    "elements": [],
                    "isInner": false,
                    "widgetType": "heading",
                    "elType": "widget"
                },
                {
                    "id": "423e1b6",
                    "settings": {
                        "editor": "<p><a href=\"#\">Home<\/a> - Blog<\/p>",
                        "__globals__": {
                            "text_color": "globals\/colors?id=secondary"
                        },
                        "_background_color_stop_tablet": {
                            "unit": "%",
                            "size": "",
                            "sizes": []
                        },
                        "_background_color_stop_mobile": {
                            "unit": "%",
                            "size": "",
                            "sizes": []
                        },
                        "_background_color_b_stop_tablet": {
                            "unit": "%",
                            "size": "",
                            "sizes": []
                        },
                        "_background_color_b_stop_mobile": {
                            "unit": "%",
                            "size": "",
                            "sizes": []
                        },
                        "_background_gradient_angle_tablet": {
                            "unit": "deg",
                            "size": "",
                            "sizes": []
                        },
                        "_background_gradient_angle_mobile": {
                            "unit": "deg",
                            "size": "",
                            "sizes": []
                        },
                        "_background_hover_color_stop_tablet": {
                            "unit": "%",
                            "size": "",
                            "sizes": []
                        },
                        "_background_hover_color_stop_mobile": {
                            "unit": "%",
                            "size": "",
                            "sizes": []
                        },
                        "_background_hover_color_b_stop_tablet": {
                            "unit": "%",
                            "size": "",
                            "sizes": []
                        },
                        "_background_hover_color_b_stop_mobile": {
                            "unit": "%",
                            "size": "",
                            "sizes": []
                        },
                        "_background_hover_gradient_angle_tablet": {
                            "unit": "deg",
                            "size": "",
                            "sizes": []
                        },
                        "_background_hover_gradient_angle_mobile": {
                            "unit": "deg",
                            "size": "",
                            "sizes": []
                        }
                    },
                    "elements": [],
                    "isInner": false,
                    "widgetType": "text-editor",
                    "elType": "widget"
                }
            ],
            "isInner": false,
            "elType": "container"
        },
        {
            "id": "933686e",
            "settings": {
                "flex_direction": "column",
                "flex_gap": {
                    "column": "30",
                    "row": "30",
                    "isLinked": true,
                    "unit": "px",
                    "size": 30
                },
                "background_background": "classic",
                "padding": {
                    "unit": "em",
                    "top": "6",
                    "right": "0",
                    "bottom": "6",
                    "left": "0",
                    "isLinked": false
                },
                "padding_tablet": {
                    "unit": "em",
                    "top": "",
                    "right": "",
                    "bottom": "",
                    "left": "",
                    "isLinked": true
                },
                "padding_mobile": {
                    "unit": "em",
                    "top": "",
                    "right": "",
                    "bottom": "",
                    "left": "",
                    "isLinked": true
                },
                "__globals__": {
                    "background_color": "globals\/colors?id=6e1f86b"
                },
                "_title": "Blog"
            },
            "elements": [
                {
                    "id": "2b543355",
                    "settings": {
                        "title": "Explore Our Blog",
                        "header_size": "h6",
                        "typography_font_family": "Libre Baskerville",
                        "typography_font_size": {
                            "unit": "rem",
                            "size": 0.9,
                            "sizes": []
                        },
                        "typography_font_size_tablet": {
                            "unit": "rem",
                            "size": "",
                            "sizes": []
                        },
                        "typography_font_size_mobile": {
                            "unit": "rem",
                            "size": "",
                            "sizes": []
                        },
                        "typography_font_weight": "500",
                        "typography_line_height": {
                            "unit": "em",
                            "size": 1.3,
                            "sizes": []
                        },
                        "_element_custom_width": {
                            "unit": "%",
                            "size": 70,
                            "sizes": []
                        },
                        "_flex_align_self": "center",
                        "__globals__": {
                            "title_color": "globals\/colors?id=primary"
                        },
                        "_background_color_stop_tablet": {
                            "unit": "%",
                            "size": "",
                            "sizes": []
                        },
                        "_background_color_stop_mobile": {
                            "unit": "%",
                            "size": "",
                            "sizes": []
                        },
                        "_background_color_b_stop_tablet": {
                            "unit": "%",
                            "size": "",
                            "sizes": []
                        },
                        "_background_color_b_stop_mobile": {
                            "unit": "%",
                            "size": "",
                            "sizes": []
                        },
                        "_background_gradient_angle_tablet": {
                            "unit": "deg",
                            "size": "",
                            "sizes": []
                        },
                        "_background_gradient_angle_mobile": {
                            "unit": "deg",
                            "size": "",
                            "sizes": []
                        },
                        "_background_hover_color_stop_tablet": {
                            "unit": "%",
                            "size": "",
                            "sizes": []
                        },
                        "_background_hover_color_stop_mobile": {
                            "unit": "%",
                            "size": "",
                            "sizes": []
                        },
                        "_background_hover_color_b_stop_tablet": {
                            "unit": "%",
                            "size": "",
                            "sizes": []
                        },
                        "_background_hover_color_b_stop_mobile": {
                            "unit": "%",
                            "size": "",
                            "sizes": []
                        },
                        "_background_hover_gradient_angle_tablet": {
                            "unit": "deg",
                            "size": "",
                            "sizes": []
                        },
                        "_background_hover_gradient_angle_mobile": {
                            "unit": "deg",
                            "size": "",
                            "sizes": []
                        }
                    },
                    "elements": [],
                    "isInner": false,
                    "widgetType": "heading",
                    "elType": "widget"
                },
                {
                    "id": "19d7659c",
                    "settings": {
                        "title": "Insights for Senior Living.",
                        "title_color": "#313131",
                        "typography_typography": "custom",
                        "typography_font_family": "Libre Baskerville",
                        "typography_font_size": {
                            "unit": "rem",
                            "size": 2.8,
                            "sizes": []
                        },
                        "typography_font_size_tablet": {
                            "unit": "rem",
                            "size": "",
                            "sizes": []
                        },
                        "typography_font_size_mobile": {
                            "unit": "rem",
                            "size": "",
                            "sizes": []
                        },
                        "typography_font_weight": "600",
                        "typography_line_height": {
                            "unit": "em",
                            "size": 1,
                            "sizes": []
                        },
                        "_element_width": "initial",
                        "align": "center",
                        "_flex_align_self": "center",
                        "_animation": "fadeInUp",
                        "animation_duration": "slow",
                        "_background_color_stop_tablet": {
                            "unit": "%",
                            "size": "",
                            "sizes": []
                        },
                        "_background_color_stop_mobile": {
                            "unit": "%",
                            "size": "",
                            "sizes": []
                        },
                        "_background_color_b_stop_tablet": {
                            "unit": "%",
                            "size": "",
                            "sizes": []
                        },
                        "_background_color_b_stop_mobile": {
                            "unit": "%",
                            "size": "",
                            "sizes": []
                        },
                        "_background_gradient_angle_tablet": {
                            "unit": "deg",
                            "size": "",
                            "sizes": []
                        },
                        "_background_gradient_angle_mobile": {
                            "unit": "deg",
                            "size": "",
                            "sizes": []
                        },
                        "_background_hover_color_stop_tablet": {
                            "unit": "%",
                            "size": "",
                            "sizes": []
                        },
                        "_background_hover_color_stop_mobile": {
                            "unit": "%",
                            "size": "",
                            "sizes": []
                        },
                        "_background_hover_color_b_stop_tablet": {
                            "unit": "%",
                            "size": "",
                            "sizes": []
                        },
                        "_background_hover_color_b_stop_mobile": {
                            "unit": "%",
                            "size": "",
                            "sizes": []
                        },
                        "_background_hover_gradient_angle_tablet": {
                            "unit": "deg",
                            "size": "",
                            "sizes": []
                        },
                        "_background_hover_gradient_angle_mobile": {
                            "unit": "deg",
                            "size": "",
                            "sizes": []
                        }
                    },
                    "elements": [],
                    "isInner": false,
                    "widgetType": "heading",
                    "elType": "widget"
                },
                {
                    "id": "4638e8df",
                    "settings": {
                        "align_tablet": "center",
                        "_flex_align_self": "center",
                        "editor": "<p>Lorem ipsum dolor sit amet, consectetur adipiscing elit. Proin venenatis placerat nibh, ut volutpat est lobortis nec. Donec eget augue nec arcu porta gravida in sit amet tortor. Integer venenatis, nibh a imperdiet consequat.<\/p>",
                        "align": "center",
                        "_element_width": "initial",
                        "_element_custom_width": {
                            "unit": "%",
                            "size": 70,
                            "sizes": []
                        },
                        "_element_custom_width_mobile": {
                            "unit": "%",
                            "size": 100,
                            "sizes": []
                        },
                        "_element_custom_width_tablet": {
                            "unit": "%",
                            "size": 100,
                            "sizes": []
                        },
                        "__globals__": {
                            "text_color": ""
                        },
                        "_background_color_stop_tablet": {
                            "unit": "%",
                            "size": "",
                            "sizes": []
                        },
                        "_background_color_stop_mobile": {
                            "unit": "%",
                            "size": "",
                            "sizes": []
                        },
                        "_background_color_b_stop_tablet": {
                            "unit": "%",
                            "size": "",
                            "sizes": []
                        },
                        "_background_color_b_stop_mobile": {
                            "unit": "%",
                            "size": "",
                            "sizes": []
                        },
                        "_background_gradient_angle_tablet": {
                            "unit": "deg",
                            "size": "",
                            "sizes": []
                        },
                        "_background_gradient_angle_mobile": {
                            "unit": "deg",
                            "size": "",
                            "sizes": []
                        },
                        "_background_hover_color_stop_tablet": {
                            "unit": "%",
                            "size": "",
                            "sizes": []
                        },
                        "_background_hover_color_stop_mobile": {
                            "unit": "%",
                            "size": "",
                            "sizes": []
                        },
                        "_background_hover_color_b_stop_tablet": {
                            "unit": "%",
                            "size": "",
                            "sizes": []
                        },
                        "_background_hover_color_b_stop_mobile": {
                            "unit": "%",
                            "size": "",
                            "sizes": []
                        },
                        "_background_hover_gradient_angle_tablet": {
                            "unit": "deg",
                            "size": "",
                            "sizes": []
                        },
                        "_background_hover_gradient_angle_mobile": {
                            "unit": "deg",
                            "size": "",
                            "sizes": []
                        }
                    },
                    "elements": [],
                    "isInner": false,
                    "widgetType": "text-editor",
                    "elType": "widget"
                },
                {
                    "id": "67381390",
                    "settings": {
                        "content_width": "full",
                        "flex_direction": "row",
                        "flex_gap": {
                            "column": "30",
                            "row": "30",
                            "isLinked": true,
                            "unit": "px",
                            "size": 30
                        }
                    },
                    "elements": [
                        {
                            "id": "3158237d",
                            "settings": {
                                "content_width": "full"
                            },
                            "elements": [
                                {
                                    "id": "1aa3621a",
                                    "settings": {
                                        "show-post-row": 1,
                                        "thumbnail_size": "full",
                                        "truncate-content": 35,
                                        "post-count": 2,
                                        "author-icon": {
                                            "value": "icon icon-pencil1",
                                            "library": "ekiticons"
                                        },
                                        "date-icon": {
                                            "value": "icon icon-calendar",
                                            "library": "ekiticons"
                                        },
                                        "readmore-text": "Read More",
                                        "btn_align": "left",
                                        "wrapper_background_background": "classic",
                                        "wrapper_boxshadow_box_shadow_type": "yes",
                                        "wrapper_boxshadow_box_shadow": {
                                            "horizontal": 0,
                                            "vertical": 5,
                                            "blur": 10,
                                            "spread": 0,
                                            "color": "rgba(0, 0, 0, 0.24)"
                                        },
                                        "container_border_radius": {
                                            "unit": "px",
                                            "top": "15",
                                            "right": "15",
                                            "bottom": "15",
                                            "left": "15",
                                            "isLinked": true
                                        },
                                        "container_padding": {
                                            "unit": "px",
                                            "top": "0",
                                            "right": "0",
                                            "bottom": "0",
                                            "left": "0",
                                            "isLinked": false
                                        },
                                        "content_border_radius": {
                                            "unit": "px",
                                            "top": "30",
                                            "right": "30",
                                            "bottom": "30",
                                            "left": "30",
                                            "isLinked": true
                                        },
                                        "img-border-radius": {
                                            "unit": "px",
                                            "top": "15",
                                            "right": "15",
                                            "bottom": "0",
                                            "left": "0",
                                            "isLinked": false
                                        },
                                        "meta_align_row": "flex-start",
                                        "meta-margin": {
                                            "unit": "px",
                                            "top": "15",
                                            "right": "15",
                                            "bottom": "5",
                                            "left": "15",
                                            "isLinked": false
                                        },
                                        "title_align": "left",
                                        "title_margin": {
                                            "unit": "px",
                                            "top": "15",
                                            "right": "15",
                                            "bottom": "15",
                                            "left": "15",
                                            "isLinked": true
                                        },
                                        "title_padding": {
                                            "unit": "px",
                                            "top": "0",
                                            "right": "0",
                                            "bottom": "0",
                                            "left": "0",
                                            "isLinked": false
                                        },
                                        "content_align": "left",
                                        "paragraph_margin": {
                                            "unit": "px",
                                            "top": "15",
                                            "right": "15",
                                            "bottom": "15",
                                            "left": "15",
                                            "isLinked": true
                                        },
                                        "button_border_radius": {
                                            "unit": "px",
                                            "top": "0",
                                            "right": "15",
                                            "bottom": "0",
                                            "left": "15",
                                            "isLinked": false
                                        },
                                        "btn_background_normal_background": "classic",
                                        "border_readmore_btn_normal_border": "none",
                                        "floating-date-width": {
                                            "unit": "px",
                                            "size": 80,
                                            "sizes": []
                                        },
                                        "floating-date-height": {
                                            "unit": "px",
                                            "size": 75,
                                            "sizes": []
                                        },
                                        "floating-date-border-radius": {
                                            "unit": "px",
                                            "top": "15",
                                            "right": "15",
                                            "bottom": "15",
                                            "left": "0",
                                            "isLinked": false
                                        },
                                        "floating_date_background_background": "classic",
                                        "__globals__": {
                                            "title_typography_typography": "globals\/typography?id=0be1f79",
                                            "meta_typography_typography": "globals\/typography?id=34d65a6",
                                            "meta-color-normal": "globals\/colors?id=text",
                                            "meta-iconcolor-normal": "globals\/colors?id=c139d8d",
                                            "title_color_normal": "globals\/colors?id=accent",
                                            "title_color_hover": "globals\/colors?id=primary",
                                            "wrapper_background_color": "globals\/colors?id=secondary",
                                            "btn_background_normal_color": "globals\/colors?id=5a23e1e",
                                            "readmore_button_typography_typography": "globals\/typography?id=accent",
                                            "btn_text_color_normal": "globals\/colors?id=c139d8d",
                                            "btn_text_color_hover": "globals\/colors?id=primary",
                                            "floating_date_typography_typography": "globals\/typography?id=83cf588",
                                            "floating_date_text_color": "globals\/colors?id=secondary",
                                            "floating_date_background_color": "globals\/colors?id=c139d8d",
                                            "container_border_color": "globals\/colors?id=c139d8d"
                                        },
                                        "container_border_border": "dashed",
                                        "container_border_width": {
                                            "unit": "px",
                                            "top": "2",
                                            "right": "2",
                                            "bottom": "2",
                                            "left": "2",
                                            "isLinked": true
                                        },
                                        "container_margin": {
                                            "unit": "px",
                                            "top": "0",
                                            "right": "0",
                                            "bottom": "30",
                                            "left": "0",
                                            "isLinked": false
                                        },
                                        "_background_color_stop_tablet": {
                                            "unit": "%",
                                            "size": "",
                                            "sizes": []
                                        },
                                        "_background_color_stop_mobile": {
                                            "unit": "%",
                                            "size": "",
                                            "sizes": []
                                        },
                                        "_background_color_b_stop_tablet": {
                                            "unit": "%",
                                            "size": "",
                                            "sizes": []
                                        },
                                        "_background_color_b_stop_mobile": {
                                            "unit": "%",
                                            "size": "",
                                            "sizes": []
                                        },
                                        "_background_gradient_angle_tablet": {
                                            "unit": "deg",
                                            "size": "",
                                            "sizes": []
                                        },
                                        "_background_gradient_angle_mobile": {
                                            "unit": "deg",
                                            "size": "",
                                            "sizes": []
                                        },
                                        "_background_hover_color_stop_tablet": {
                                            "unit": "%",
                                            "size": "",
                                            "sizes": []
                                        },
                                        "_background_hover_color_stop_mobile": {
                                            "unit": "%",
                                            "size": "",
                                            "sizes": []
                                        },
                                        "_background_hover_color_b_stop_tablet": {
                                            "unit": "%",
                                            "size": "",
                                            "sizes": []
                                        },
                                        "_background_hover_color_b_stop_mobile": {
                                            "unit": "%",
                                            "size": "",
                                            "sizes": []
                                        },
                                        "_background_hover_gradient_angle_tablet": {
                                            "unit": "deg",
                                            "size": "",
                                            "sizes": []
                                        },
                                        "_background_hover_gradient_angle_mobile": {
                                            "unit": "deg",
                                            "size": "",
                                            "sizes": []
                                        }
                                    },
                                    "elements": [],
                                    "isInner": false,
                                    "widgetType": "rkit-blog-post",
                                    "elType": "widget"
                                }
                            ],
                            "isInner": true,
                            "elType": "container"
                        },
                        {
                            "id": "5b6a531b",
                            "settings": {
                                "content_width": "full"
                            },
                            "elements": [
                                {
                                    "id": "26b5e998",
                                    "settings": {
                                        "layout_style": "block",
                                        "show-post-row": 1,
                                        "img-aspect-ratio": "1\/1",
                                        "thumbnail_size": "full",
                                        "truncate-title": 3,
                                        "truncate-content": 15,
                                        "post-count": 6,
                                        "selected-post": [
                                            "359",
                                            "362",
                                            "365"
                                        ],
                                        "show-floating-date": "",
                                        "show-metadata": "",
                                        "author-icon": {
                                            "value": "icon icon-pencil1",
                                            "library": "ekiticons"
                                        },
                                        "date-icon": {
                                            "value": "icon icon-calendar",
                                            "library": "ekiticons"
                                        },
                                        "readmore-text": "Read More",
                                        "btn_align": "left",
                                        "wrapper_background_background": "classic",
                                        "wrapper_boxshadow_box_shadow_type": "yes",
                                        "wrapper_boxshadow_box_shadow": {
                                            "horizontal": 0,
                                            "vertical": 5,
                                            "blur": 10,
                                            "spread": 0,
                                            "color": "rgba(0, 0, 0, 0.24)"
                                        },
                                        "container_border_radius": {
                                            "unit": "px",
                                            "top": "15",
                                            "right": "15",
                                            "bottom": "15",
                                            "left": "15",
                                            "isLinked": false
                                        },
                                        "container_padding": {
                                            "unit": "px",
                                            "top": "0",
                                            "right": "0",
                                            "bottom": "0",
                                            "left": "0",
                                            "isLinked": false
                                        },
                                        "container_margin": {
                                            "unit": "px",
                                            "top": "0",
                                            "right": "0",
                                            "bottom": "30",
                                            "left": "0",
                                            "isLinked": false
                                        },
                                        "content_border_radius": {
                                            "unit": "px",
                                            "top": "30",
                                            "right": "30",
                                            "bottom": "30",
                                            "left": "30",
                                            "isLinked": true
                                        },
                                        "min-width-img": {
                                            "unit": "px",
                                            "size": 0,
                                            "sizes": []
                                        },
                                        "max-width-img": {
                                            "unit": "px",
                                            "size": 265,
                                            "sizes": []
                                        },
                                        "img-border-radius": {
                                            "unit": "px",
                                            "top": "15",
                                            "right": "0",
                                            "bottom": "0",
                                            "left": "15",
                                            "isLinked": false
                                        },
                                        "img-margin": {
                                            "unit": "px",
                                            "top": "0",
                                            "right": "0",
                                            "bottom": "0",
                                            "left": "0",
                                            "isLinked": false
                                        },
                                        "img-padding": {
                                            "unit": "px",
                                            "top": "0",
                                            "right": "0",
                                            "bottom": "0",
                                            "left": "0",
                                            "isLinked": false
                                        },
                                        "meta_align_row": "flex-start",
                                        "meta-margin": {
                                            "unit": "px",
                                            "top": "15",
                                            "right": "15",
                                            "bottom": "5",
                                            "left": "15",
                                            "isLinked": false
                                        },
                                        "title_align": "left",
                                        "title_margin": {
                                            "unit": "px",
                                            "top": "15",
                                            "right": "15",
                                            "bottom": "15",
                                            "left": "15",
                                            "isLinked": true
                                        },
                                        "title_padding": {
                                            "unit": "px",
                                            "top": "0",
                                            "right": "0",
                                            "bottom": "0",
                                            "left": "0",
                                            "isLinked": false
                                        },
                                        "content_align": "left",
                                        "paragraph_margin": {
                                            "unit": "px",
                                            "top": "15",
                                            "right": "15",
                                            "bottom": "15",
                                            "left": "15",
                                            "isLinked": true
                                        },
                                        "button_border_radius": {
                                            "unit": "px",
                                            "top": "0",
                                            "right": "15",
                                            "bottom": "0",
                                            "left": "15",
                                            "isLinked": false
                                        },
                                        "btn_background_normal_background": "classic",
                                        "border_readmore_btn_normal_border": "none",
                                        "floating-date-width": {
                                            "unit": "px",
                                            "size": 80,
                                            "sizes": []
                                        },
                                        "floating-date-height": {
                                            "unit": "px",
                                            "size": 75,
                                            "sizes": []
                                        },
                                        "floating-date-border-radius": {
                                            "unit": "px",
                                            "top": "15",
                                            "right": "15",
                                            "bottom": "15",
                                            "left": "0",
                                            "isLinked": false
                                        },
                                        "floating_date_background_background": "classic",
                                        "__globals__": {
                                            "title_typography_typography": "globals\/typography?id=0be1f79",
                                            "meta_typography_typography": "globals\/typography?id=34d65a6",
                                            "meta-color-normal": "globals\/colors?id=text",
                                            "meta-iconcolor-normal": "globals\/colors?id=c139d8d",
                                            "title_color_normal": "globals\/colors?id=accent",
                                            "title_color_hover": "globals\/colors?id=primary",
                                            "wrapper_background_color": "globals\/colors?id=secondary",
                                            "btn_background_normal_color": "globals\/colors?id=5a23e1e",
                                            "readmore_button_typography_typography": "globals\/typography?id=accent",
                                            "btn_text_color_normal": "globals\/colors?id=c139d8d",
                                            "btn_text_color_hover": "globals\/colors?id=primary",
                                            "floating_date_typography_typography": "globals\/typography?id=83cf588",
                                            "floating_date_text_color": "globals\/colors?id=secondary",
                                            "floating_date_background_color": "globals\/colors?id=c139d8d",
                                            "container_border_color": ""
                                        },
                                        "max-width-img_mobile": {
                                            "unit": "px",
                                            "size": 335,
                                            "sizes": []
                                        },
                                        "wrapper_background_color": "#FFFFFF",
                                        "meta_typography_typography": "custom",
                                        "meta_typography_font_family": "Libre Baskerville",
                                        "meta_typography_font_size": {
                                            "unit": "rem",
                                            "size": 0.9,
                                            "sizes": []
                                        },
                                        "meta_typography_font_size_tablet": {
                                            "unit": "rem",
                                            "size": 0.9,
                                            "sizes": []
                                        },
                                        "meta_typography_font_size_mobile": {
                                            "unit": "rem",
                                            "size": 0.9,
                                            "sizes": []
                                        },
                                        "meta_typography_font_weight": "600",
                                        "meta_typography_line_height": {
                                            "unit": "em",
                                            "size": 1.2,
                                            "sizes": []
                                        },
                                        "meta_typography_line_height_tablet": {
                                            "unit": "em",
                                            "size": 1.2,
                                            "sizes": []
                                        },
                                        "meta_typography_line_height_mobile": {
                                            "unit": "em",
                                            "size": 1.2,
                                            "sizes": []
                                        },
                                        "meta-color-normal": "#7A7A7A",
                                        "meta-iconcolor-normal": "#BE7BB4",
                                        "title_typography_typography": "custom",
                                        "title_typography_font_family": "Libre Baskerville",
                                        "title_typography_font_size": {
                                            "unit": "rem",
                                            "size": 1.3,
                                            "sizes": []
                                        },
                                        "title_typography_font_size_tablet": {
                                            "unit": "rem",
                                            "size": 1.3,
                                            "sizes": []
                                        },
                                        "title_typography_font_size_mobile": {
                                            "unit": "rem",
                                            "size": 1.3,
                                            "sizes": []
                                        },
                                        "title_typography_font_weight": "600",
                                        "title_typography_line_height": {
                                            "unit": "em",
                                            "size": 1.2,
                                            "sizes": []
                                        },
                                        "title_typography_line_height_tablet": {
                                            "unit": "em",
                                            "size": 1.2,
                                            "sizes": []
                                        },
                                        "title_typography_line_height_mobile": {
                                            "unit": "em",
                                            "size": 1.2,
                                            "sizes": []
                                        },
                                        "title_color_normal": "#454545",
                                        "title_color_hover": "#FF9FC8",
                                        "readmore_button_typography_typography": "custom",
                                        "readmore_button_typography_font_family": "Libre Baskerville",
                                        "readmore_button_typography_font_size": {
                                            "unit": "rem",
                                            "size": 1,
                                            "sizes": []
                                        },
                                        "readmore_button_typography_font_size_tablet": {
                                            "unit": "rem",
                                            "size": 1,
                                            "sizes": []
                                        },
                                        "readmore_button_typography_font_size_mobile": {
                                            "unit": "rem",
                                            "size": 1,
                                            "sizes": []
                                        },
                                        "readmore_button_typography_font_weight": "600",
                                        "readmore_button_typography_line_height_tablet": {
                                            "unit": "em",
                                            "size": 1,
                                            "sizes": []
                                        },
                                        "readmore_button_typography_line_height_mobile": {
                                            "unit": "em",
                                            "size": 1,
                                            "sizes": []
                                        },
                                        "btn_text_color_normal": "#BE7BB4",
                                        "btn_background_normal_color": "#00000000",
                                        "btn_text_color_hover": "#FF9FC8",
                                        "floating_date_typography_typography": "custom",
                                        "floating_date_typography_font_family": "Libre Baskerville",
                                        "floating_date_typography_font_size": {
                                            "unit": "rem",
                                            "size": 1,
                                            "sizes": []
                                        },
                                        "floating_date_typography_font_size_tablet": {
                                            "unit": "rem",
                                            "size": 1,
                                            "sizes": []
                                        },
                                        "floating_date_typography_font_size_mobile": {
                                            "unit": "rem",
                                            "size": 1,
                                            "sizes": []
                                        },
                                        "floating_date_typography_font_weight": "600",
                                        "floating_date_typography_line_height": {
                                            "unit": "em",
                                            "size": 1.2,
                                            "sizes": []
                                        },
                                        "floating_date_typography_line_height_tablet": {
                                            "unit": "em",
                                            "size": 1.2,
                                            "sizes": []
                                        },
                                        "floating_date_typography_line_height_mobile": {
                                            "unit": "em",
                                            "size": 1.2,
                                            "sizes": []
                                        },
                                        "floating_date_text_color": "#FFFFFF",
                                        "floating_date_background_color": "#BE7BB4",
                                        "_background_color_stop_tablet": {
                                            "unit": "%",
                                            "size": "",
                                            "sizes": []
                                        },
                                        "_background_color_stop_mobile": {
                                            "unit": "%",
                                            "size": "",
                                            "sizes": []
                                        },
                                        "_background_color_b_stop_tablet": {
                                            "unit": "%",
                                            "size": "",
                                            "sizes": []
                                        },
                                        "_background_color_b_stop_mobile": {
                                            "unit": "%",
                                            "size": "",
                                            "sizes": []
                                        },
                                        "_background_gradient_angle_tablet": {
                                            "unit": "deg",
                                            "size": "",
                                            "sizes": []
                                        },
                                        "_background_gradient_angle_mobile": {
                                            "unit": "deg",
                                            "size": "",
                                            "sizes": []
                                        },
                                        "_background_hover_color_stop_tablet": {
                                            "unit": "%",
                                            "size": "",
                                            "sizes": []
                                        },
                                        "_background_hover_color_stop_mobile": {
                                            "unit": "%",
                                            "size": "",
                                            "sizes": []
                                        },
                                        "_background_hover_color_b_stop_tablet": {
                                            "unit": "%",
                                            "size": "",
                                            "sizes": []
                                        },
                                        "_background_hover_color_b_stop_mobile": {
                                            "unit": "%",
                                            "size": "",
                                            "sizes": []
                                        },
                                        "_background_hover_gradient_angle_tablet": {
                                            "unit": "deg",
                                            "size": "",
                                            "sizes": []
                                        },
                                        "_background_hover_gradient_angle_mobile": {
                                            "unit": "deg",
                                            "size": "",
                                            "sizes": []
                                        }
                                    },
                                    "elements": [],
                                    "isInner": false,
                                    "widgetType": "rkit-blog-post",
                                    "elType": "widget"
                                }
                            ],
                            "isInner": true,
                            "elType": "container"
                        }
                    ],
                    "isInner": true,
                    "elType": "container"
                }
            ],
            "isInner": false,
            "elType": "container"
        }
    ],
    "page_settings": {
        "hide_title": "yes",
        "template": "elementor_header_footer"
    }
}