{
    "version": "0.4",
    "title": "Contact RomethemeForm",
    "type": "section",
    "metadata": {
        "template_type": "section-contact",
        "include_in_zip": "1",
        "elementor_pro_required": null,
        "wp_page_template": "elementor_header_footer"
    },
    "content": [
        {
            "id": "70182942",
            "settings": {
                "flex_direction": "column",
                "content_width": "full",
                "background_background": "classic",
                "border_radius": {
                    "unit": "px",
                    "top": "15",
                    "right": "15",
                    "bottom": "15",
                    "left": "15",
                    "isLinked": true
                },
                "padding": {
                    "unit": "em",
                    "top": "2",
                    "right": "2",
                    "bottom": "2",
                    "left": "2",
                    "isLinked": true
                },
                "padding_tablet": {
                    "unit": "em",
                    "top": "",
                    "right": "",
                    "bottom": "",
                    "left": "",
                    "isLinked": true
                },
                "padding_mobile": {
                    "unit": "em",
                    "top": "",
                    "right": "",
                    "bottom": "",
                    "left": "",
                    "isLinked": true
                },
                "__globals__": {
                    "background_color": "globals\/colors?id=2ddbd16"
                }
            },
            "elements": [
                {
                    "id": "22a81236",
                    "settings": {
                        "show_label": "",
                        "label_text": "Text",
                        "name_input": "rform-text",
                        "placeholder_input": "Your Name",
                        "warning_message": "This field is required",
                        "input_padding": {
                            "unit": "px",
                            "top": "11",
                            "right": "15",
                            "bottom": "11",
                            "left": "15",
                            "isLinked": false
                        },
                        "input_border_radius": {
                            "unit": "px",
                            "top": "5",
                            "right": "5",
                            "bottom": "5",
                            "left": "5",
                            "isLinked": true
                        },
                        "input_background_normal_background": "classic",
                        "input_border_normal_border": "none",
                        "__globals__": {
                            "input_typography_typography": "globals\/typography?id=text",
                            "input_color_normal": "globals\/colors?id=text",
                            "input_background_normal_color": "globals\/colors?id=secondary",
                            "placeholder_color": "globals\/colors?id=text",
                            "placeholder_typography_typography": "globals\/typography?id=text",
                            "input_color_hover": "globals\/colors?id=accent",
                            "input_color_focus": "globals\/colors?id=accent",
                            "input_color_warning": "globals\/colors?id=accent"
                        }
                    },
                    "elements": [],
                    "isInner": false,
                    "widgetType": "text",
                    "elType": "widget"
                },
                {
                    "id": "2cefbcdd",
                    "settings": {
                        "show_label": "",
                        "label_text": "Email",
                        "name_input": "rform-email",
                        "placeholder_input": "Your Email",
                        "warning_message": "This field is required",
                        "input_padding": {
                            "unit": "px",
                            "top": "11",
                            "right": "15",
                            "bottom": "11",
                            "left": "15",
                            "isLinked": false
                        },
                        "input_border_radius": {
                            "unit": "px",
                            "top": "5",
                            "right": "5",
                            "bottom": "5",
                            "left": "5",
                            "isLinked": true
                        },
                        "input_background_normal_background": "classic",
                        "input_border_normal_border": "none",
                        "__globals__": {
                            "input_typography_typography": "globals\/typography?id=text",
                            "input_color_normal": "globals\/colors?id=text",
                            "input_background_normal_color": "globals\/colors?id=secondary",
                            "placeholder_color": "globals\/colors?id=text",
                            "placeholder_typography_typography": "globals\/typography?id=text",
                            "input_color_hover": "globals\/colors?id=accent",
                            "input_color_focus": "globals\/colors?id=accent",
                            "input_color_warning": "globals\/colors?id=accent"
                        }
                    },
                    "elements": [],
                    "isInner": false,
                    "widgetType": "email",
                    "elType": "widget"
                },
                {
                    "id": "454114ed",
                    "settings": {
                        "show_label": "",
                        "label_text": "Text",
                        "name_input": "rform-text",
                        "placeholder_input": "Your Subject",
                        "warning_message": "This field is required",
                        "input_padding": {
                            "unit": "px",
                            "top": "11",
                            "right": "15",
                            "bottom": "11",
                            "left": "15",
                            "isLinked": false
                        },
                        "input_border_radius": {
                            "unit": "px",
                            "top": "5",
                            "right": "5",
                            "bottom": "5",
                            "left": "5",
                            "isLinked": true
                        },
                        "input_background_normal_background": "classic",
                        "input_border_normal_border": "none",
                        "__globals__": {
                            "input_typography_typography": "globals\/typography?id=text",
                            "input_color_normal": "globals\/colors?id=text",
                            "input_background_normal_color": "globals\/colors?id=secondary",
                            "placeholder_color": "globals\/colors?id=text",
                            "placeholder_typography_typography": "globals\/typography?id=text",
                            "input_color_hover": "globals\/colors?id=accent",
                            "input_color_focus": "globals\/colors?id=accent",
                            "input_color_warning": "globals\/colors?id=accent"
                        }
                    },
                    "elements": [],
                    "isInner": false,
                    "widgetType": "text",
                    "elType": "widget"
                },
                {
                    "id": "630f2097",
                    "settings": {
                        "show_label": "",
                        "label_text": "Message",
                        "name_input": "rform-message ",
                        "placeholder_input": "Message",
                        "warning_message": "This field is required",
                        "input_height": {
                            "unit": "px",
                            "size": 165,
                            "sizes": []
                        },
                        "input_padding": {
                            "unit": "px",
                            "top": "11",
                            "right": "15",
                            "bottom": "11",
                            "left": "15",
                            "isLinked": false
                        },
                        "input_border_radius": {
                            "unit": "px",
                            "top": "5",
                            "right": "5",
                            "bottom": "5",
                            "left": "5",
                            "isLinked": true,
                            "size": 5
                        },
                        "input_border_radius_tablet": {
                            "unit": "px",
                            "top": "",
                            "right": "",
                            "bottom": "",
                            "left": "",
                            "isLinked": true
                        },
                        "input_border_radius_mobile": {
                            "unit": "px",
                            "top": "",
                            "right": "",
                            "bottom": "",
                            "left": "",
                            "isLinked": true
                        },
                        "input_background_normal_background": "classic",
                        "input_border_normal_border": "none",
                        "__globals__": {
                            "input_typography_typography": "globals\/typography?id=text",
                            "input_color_normal": "globals\/colors?id=text",
                            "input_background_normal_color": "globals\/colors?id=secondary",
                            "placeholder_color": "globals\/colors?id=text",
                            "placeholder_typography_typography": "globals\/typography?id=text",
                            "input_color_hover": "globals\/colors?id=accent",
                            "input_color_focus": "globals\/colors?id=accent",
                            "input_color_warning": "globals\/colors?id=accent"
                        }
                    },
                    "elements": [],
                    "isInner": false,
                    "widgetType": "text-area",
                    "elType": "widget"
                },
                {
                    "id": "7e029f87",
                    "settings": {
                        "button_text": "Send Message",
                        "border_normal_border": "none"
                    },
                    "elements": [],
                    "isInner": false,
                    "widgetType": "rform_button_submit",
                    "elType": "widget"
                }
            ],
            "isInner": false,
            "elType": "container"
        }
    ]
}