{
    "version": "0.4",
    "title": "Footer",
    "type": "section",
    "metadata": {
        "template_type": "section-footer",
        "include_in_zip": "1",
        "elementor_pro_required": null,
        "wp_page_template": "elementor_header_footer"
    },
    "content": [
        {
            "id": "3b55d72d",
            "settings": {
                "flex_direction": "column",
                "flex_gap": {
                    "column": "0",
                    "row": "0",
                    "isLinked": false,
                    "unit": "px",
                    "size": 0
                },
                "background_background": "classic",
                "background_overlay_background": "classic",
                "background_overlay_image": {
                    "url": "https:\/\/askit.dextheme.net\/seniora\/wp-content\/uploads\/sites\/8\/2024\/02\/bg3.png",
                    "id": 305,
                    "size": "",
                    "alt": "",
                    "source": "library"
                },
                "background_overlay_position": "bottom center",
                "background_overlay_repeat": "no-repeat",
                "background_overlay_size": "cover",
                "background_overlay_opacity": {
                    "unit": "px",
                    "size": 0.15,
                    "sizes": []
                },
                "padding": {
                    "unit": "em",
                    "top": "6",
                    "right": "0",
                    "bottom": "0",
                    "left": "0",
                    "isLinked": false
                },
                "padding_tablet": {
                    "unit": "em",
                    "top": "",
                    "right": "",
                    "bottom": "",
                    "left": "",
                    "isLinked": true
                },
                "padding_mobile": {
                    "unit": "em",
                    "top": "",
                    "right": "",
                    "bottom": "",
                    "left": "",
                    "isLinked": true
                },
                "__globals__": {
                    "background_color": "globals\/colors?id=2ddbd16"
                }
            },
            "elements": [
                {
                    "id": "1b42daa9",
                    "settings": {
                        "content_width": "full",
                        "flex_direction": "row",
                        "flex_direction_tablet": "column",
                        "border_border": "dashed",
                        "border_width": {
                            "unit": "px",
                            "top": "0",
                            "right": "0",
                            "bottom": "2",
                            "left": "0",
                            "isLinked": false
                        },
                        "border_radius": {
                            "unit": "px",
                            "top": "0",
                            "right": "0",
                            "bottom": "0",
                            "left": "0",
                            "isLinked": false
                        },
                        "padding": {
                            "unit": "em",
                            "top": "0",
                            "right": "0",
                            "bottom": "3",
                            "left": "0",
                            "isLinked": false
                        },
                        "padding_tablet": {
                            "unit": "em",
                            "top": "",
                            "right": "",
                            "bottom": "",
                            "left": "",
                            "isLinked": true
                        },
                        "padding_mobile": {
                            "unit": "em",
                            "top": "",
                            "right": "",
                            "bottom": "",
                            "left": "",
                            "isLinked": true
                        },
                        "__globals__": {
                            "border_color": "globals\/colors?id=secondary"
                        }
                    },
                    "elements": [
                        {
                            "id": "6f8c6b08",
                            "settings": {
                                "content_width": "full",
                                "flex_direction": "row"
                            },
                            "elements": [
                                {
                                    "id": "9d4fd5e",
                                    "settings": {
                                        "content_width": "full"
                                    },
                                    "elements": [
                                        {
                                            "id": "597560d7",
                                            "settings": {
                                                "image": {
                                                    "url": "https:\/\/askit.dextheme.net\/seniora\/wp-content\/uploads\/sites\/8\/2024\/03\/Seniora-Logo3.png",
                                                    "id": 535,
                                                    "size": "",
                                                    "alt": "",
                                                    "source": "library"
                                                },
                                                "image_size": "full",
                                                "image_border_width": {
                                                    "unit": "px",
                                                    "top": "0",
                                                    "right": "0",
                                                    "bottom": "0",
                                                    "left": "0",
                                                    "isLinked": false
                                                },
                                                "_element_width": "initial",
                                                "_element_custom_width": {
                                                    "unit": "%",
                                                    "size": 65,
                                                    "sizes": []
                                                },
                                                "_flex_align_self": "flex-start",
                                                "__globals__": {
                                                    "image_border_color": ""
                                                }
                                            },
                                            "elements": [],
                                            "isInner": false,
                                            "widgetType": "image",
                                            "elType": "widget"
                                        },
                                        {
                                            "id": "45a91976",
                                            "settings": {
                                                "editor": "<p>Curabitur dapibus augue vitae justo vestibulum, porttitor tristique nibh rutrum. Mauris a lectus iaculis.<\/p>",
                                                "__globals__": {
                                                    "text_color": "globals\/colors?id=accent"
                                                }
                                            },
                                            "elements": [],
                                            "isInner": false,
                                            "widgetType": "text-editor",
                                            "elType": "widget"
                                        }
                                    ],
                                    "isInner": true,
                                    "elType": "container"
                                },
                                {
                                    "id": "63a951c4",
                                    "settings": {
                                        "content_width": "full"
                                    },
                                    "elements": [
                                        {
                                            "id": "3b929a2b",
                                            "settings": {
                                                "content_width": "full",
                                                "width": {
                                                    "unit": "%",
                                                    "size": 70,
                                                    "sizes": []
                                                },
                                                "width_tablet": {
                                                    "unit": "%",
                                                    "size": 100,
                                                    "sizes": []
                                                },
                                                "width_mobile": {
                                                    "unit": "%",
                                                    "size": "",
                                                    "sizes": []
                                                },
                                                "_flex_align_self": "flex-end"
                                            },
                                            "elements": [
                                                {
                                                    "id": "6d03f127",
                                                    "settings": {
                                                        "title": "Quick Links",
                                                        "header_size": "h4",
                                                        "__globals__": {
                                                            "title_color": "globals\/colors?id=c41bd45"
                                                        }
                                                    },
                                                    "elements": [],
                                                    "isInner": false,
                                                    "widgetType": "heading",
                                                    "elType": "widget"
                                                },
                                                {
                                                    "id": "7aa87a36",
                                                    "settings": {
                                                        "icon_list": [
                                                            {
                                                                "text": "About Us",
                                                                "selected_icon": {
                                                                    "value": "",
                                                                    "library": ""
                                                                },
                                                                "_id": "a285985",
                                                                "link": {
                                                                    "url": "#",
                                                                    "is_external": "",
                                                                    "nofollow": "",
                                                                    "custom_attributes": ""
                                                                }
                                                            },
                                                            {
                                                                "text": "Services",
                                                                "selected_icon": {
                                                                    "value": "",
                                                                    "library": ""
                                                                },
                                                                "link": {
                                                                    "url": "#",
                                                                    "is_external": "",
                                                                    "nofollow": "",
                                                                    "custom_attributes": ""
                                                                },
                                                                "_id": "c91a60d"
                                                            },
                                                            {
                                                                "text": "Our Team",
                                                                "selected_icon": {
                                                                    "value": "",
                                                                    "library": ""
                                                                },
                                                                "link": {
                                                                    "url": "#",
                                                                    "is_external": "",
                                                                    "nofollow": "",
                                                                    "custom_attributes": ""
                                                                },
                                                                "_id": "f10f321"
                                                            },
                                                            {
                                                                "text": "Gallery",
                                                                "selected_icon": {
                                                                    "value": "",
                                                                    "library": ""
                                                                },
                                                                "link": {
                                                                    "url": "#",
                                                                    "is_external": "",
                                                                    "nofollow": "",
                                                                    "custom_attributes": ""
                                                                },
                                                                "_id": "e9ba4da"
                                                            },
                                                            {
                                                                "text": "Help",
                                                                "selected_icon": {
                                                                    "value": "",
                                                                    "library": ""
                                                                },
                                                                "link": {
                                                                    "url": "#",
                                                                    "is_external": "",
                                                                    "nofollow": "",
                                                                    "custom_attributes": ""
                                                                },
                                                                "_id": "323bc82"
                                                            }
                                                        ],
                                                        "space_between": {
                                                            "unit": "px",
                                                            "size": 10,
                                                            "sizes": []
                                                        },
                                                        "__globals__": {
                                                            "icon_typography_typography": "globals\/typography?id=34d65a6",
                                                            "text_color": "globals\/colors?id=accent",
                                                            "text_color_hover": "globals\/colors?id=secondary"
                                                        }
                                                    },
                                                    "elements": [],
                                                    "isInner": false,
                                                    "widgetType": "icon-list",
                                                    "elType": "widget"
                                                }
                                            ],
                                            "isInner": true,
                                            "elType": "container"
                                        }
                                    ],
                                    "isInner": true,
                                    "elType": "container"
                                }
                            ],
                            "isInner": true,
                            "elType": "container"
                        },
                        {
                            "id": "111bf012",
                            "settings": {
                                "content_width": "full",
                                "flex_direction": "row"
                            },
                            "elements": [
                                {
                                    "id": "7a6e6fac",
                                    "settings": {
                                        "content_width": "full"
                                    },
                                    "elements": [
                                        {
                                            "id": "35ff608b",
                                            "settings": {
                                                "title": "Services",
                                                "header_size": "h4",
                                                "__globals__": {
                                                    "title_color": "globals\/colors?id=c41bd45"
                                                }
                                            },
                                            "elements": [],
                                            "isInner": false,
                                            "widgetType": "heading",
                                            "elType": "widget"
                                        },
                                        {
                                            "id": "78da7e8b",
                                            "settings": {
                                                "content_width": "full",
                                                "flex_direction": "row"
                                            },
                                            "elements": [
                                                {
                                                    "id": "504b9826",
                                                    "settings": {
                                                        "content_width": "full"
                                                    },
                                                    "elements": [
                                                        {
                                                            "id": "2a713bd1",
                                                            "settings": {
                                                                "icon_list": [
                                                                    {
                                                                        "text": "Assisted Living",
                                                                        "selected_icon": {
                                                                            "value": "",
                                                                            "library": ""
                                                                        },
                                                                        "_id": "a285985",
                                                                        "link": {
                                                                            "url": "#",
                                                                            "is_external": "",
                                                                            "nofollow": "",
                                                                            "custom_attributes": ""
                                                                        }
                                                                    },
                                                                    {
                                                                        "text": "Memory Care",
                                                                        "selected_icon": {
                                                                            "value": "",
                                                                            "library": ""
                                                                        },
                                                                        "link": {
                                                                            "url": "#",
                                                                            "is_external": "",
                                                                            "nofollow": "",
                                                                            "custom_attributes": ""
                                                                        },
                                                                        "_id": "c91a60d"
                                                                    },
                                                                    {
                                                                        "text": "Skilled Nursing Care",
                                                                        "selected_icon": {
                                                                            "value": "",
                                                                            "library": ""
                                                                        },
                                                                        "link": {
                                                                            "url": "#",
                                                                            "is_external": "",
                                                                            "nofollow": "",
                                                                            "custom_attributes": ""
                                                                        },
                                                                        "_id": "f10f321"
                                                                    },
                                                                    {
                                                                        "text": "Respite Care",
                                                                        "selected_icon": {
                                                                            "value": "",
                                                                            "library": ""
                                                                        },
                                                                        "link": {
                                                                            "url": "#",
                                                                            "is_external": "",
                                                                            "nofollow": "",
                                                                            "custom_attributes": ""
                                                                        },
                                                                        "_id": "e9ba4da"
                                                                    }
                                                                ],
                                                                "space_between": {
                                                                    "unit": "px",
                                                                    "size": 10,
                                                                    "sizes": []
                                                                },
                                                                "__globals__": {
                                                                    "icon_typography_typography": "globals\/typography?id=34d65a6",
                                                                    "text_color": "globals\/colors?id=accent",
                                                                    "text_color_hover": "globals\/colors?id=secondary"
                                                                }
                                                            },
                                                            "elements": [],
                                                            "isInner": false,
                                                            "widgetType": "icon-list",
                                                            "elType": "widget"
                                                        }
                                                    ],
                                                    "isInner": true,
                                                    "elType": "container"
                                                },
                                                {
                                                    "id": "fe15729",
                                                    "settings": {
                                                        "content_width": "full"
                                                    },
                                                    "elements": [
                                                        {
                                                            "id": "2ef5fb2",
                                                            "settings": {
                                                                "icon_list": [
                                                                    {
                                                                        "text": "Palliative Care",
                                                                        "selected_icon": {
                                                                            "value": "",
                                                                            "library": ""
                                                                        },
                                                                        "_id": "a285985",
                                                                        "link": {
                                                                            "url": "#",
                                                                            "is_external": "",
                                                                            "nofollow": "",
                                                                            "custom_attributes": ""
                                                                        }
                                                                    },
                                                                    {
                                                                        "text": "Memory Care",
                                                                        "selected_icon": {
                                                                            "value": "",
                                                                            "library": ""
                                                                        },
                                                                        "link": {
                                                                            "url": "#",
                                                                            "is_external": "",
                                                                            "nofollow": "",
                                                                            "custom_attributes": ""
                                                                        },
                                                                        "_id": "c91a60d"
                                                                    },
                                                                    {
                                                                        "text": "Independent Living",
                                                                        "selected_icon": {
                                                                            "value": "",
                                                                            "library": ""
                                                                        },
                                                                        "link": {
                                                                            "url": "#",
                                                                            "is_external": "",
                                                                            "nofollow": "",
                                                                            "custom_attributes": ""
                                                                        },
                                                                        "_id": "323bc82"
                                                                    }
                                                                ],
                                                                "space_between": {
                                                                    "unit": "px",
                                                                    "size": 10,
                                                                    "sizes": []
                                                                },
                                                                "__globals__": {
                                                                    "icon_typography_typography": "globals\/typography?id=34d65a6",
                                                                    "text_color": "globals\/colors?id=accent",
                                                                    "text_color_hover": "globals\/colors?id=secondary"
                                                                }
                                                            },
                                                            "elements": [],
                                                            "isInner": false,
                                                            "widgetType": "icon-list",
                                                            "elType": "widget"
                                                        }
                                                    ],
                                                    "isInner": true,
                                                    "elType": "container"
                                                }
                                            ],
                                            "isInner": true,
                                            "elType": "container"
                                        }
                                    ],
                                    "isInner": true,
                                    "elType": "container"
                                },
                                {
                                    "id": "2e0177eb",
                                    "settings": {
                                        "content_width": "full"
                                    },
                                    "elements": [
                                        {
                                            "id": "688235a8",
                                            "settings": {
                                                "title": "Get in Touch",
                                                "header_size": "h4",
                                                "__globals__": {
                                                    "title_color": "globals\/colors?id=c41bd45"
                                                }
                                            },
                                            "elements": [],
                                            "isInner": false,
                                            "widgetType": "heading",
                                            "elType": "widget"
                                        },
                                        {
                                            "id": "75de1489",
                                            "settings": {
                                                "icon_list": [
                                                    {
                                                        "text": "Creative District Ahmad Yani No. 456",
                                                        "selected_icon": {
                                                            "value": "fas fa-map-marker-alt",
                                                            "library": "fa-solid"
                                                        },
                                                        "_id": "a9a1752"
                                                    },
                                                    {
                                                        "text": "hola@dominantsite.com",
                                                        "selected_icon": {
                                                            "value": "fas fa-envelope",
                                                            "library": "fa-solid"
                                                        },
                                                        "_id": "481388a"
                                                    },
                                                    {
                                                        "text": "+800-3374-4676",
                                                        "selected_icon": {
                                                            "value": "fas fa-phone-alt",
                                                            "library": "fa-solid"
                                                        },
                                                        "_id": "7b1a8ef"
                                                    },
                                                    {
                                                        "text": "10:00am - 17:00pm",
                                                        "selected_icon": {
                                                            "value": "fas fa-clock",
                                                            "library": "fa-solid"
                                                        },
                                                        "_id": "62e37f0"
                                                    }
                                                ],
                                                "space_between": {
                                                    "unit": "px",
                                                    "size": 15,
                                                    "sizes": []
                                                },
                                                "icon_color": "#141414",
                                                "icon_size": {
                                                    "unit": "px",
                                                    "size": 15,
                                                    "sizes": []
                                                },
                                                "text_indent": {
                                                    "unit": "px",
                                                    "size": 5,
                                                    "sizes": []
                                                },
                                                "icon_typography_typography": "custom",
                                                "icon_typography_font_family": "Libre Baskerville",
                                                "icon_typography_font_size": {
                                                    "unit": "rem",
                                                    "size": 0.9,
                                                    "sizes": []
                                                },
                                                "icon_typography_font_size_tablet": {
                                                    "unit": "rem",
                                                    "size": 0.9,
                                                    "sizes": []
                                                },
                                                "icon_typography_font_size_mobile": {
                                                    "unit": "rem",
                                                    "size": 0.9,
                                                    "sizes": []
                                                },
                                                "icon_typography_font_weight": "600",
                                                "icon_typography_line_height": {
                                                    "unit": "em",
                                                    "size": 1.2,
                                                    "sizes": []
                                                },
                                                "icon_typography_line_height_tablet": {
                                                    "unit": "em",
                                                    "size": 1.2,
                                                    "sizes": []
                                                },
                                                "icon_typography_line_height_mobile": {
                                                    "unit": "em",
                                                    "size": 1.2,
                                                    "sizes": []
                                                },
                                                "text_color": "#FFFFFF",
                                                "__globals__": {
                                                    "icon_color": "globals\/colors?id=c139d8d",
                                                    "icon_typography_typography": "globals\/typography?id=34d65a6",
                                                    "text_color": "globals\/colors?id=secondary",
                                                    "icon_color_hover": ""
                                                }
                                            },
                                            "elements": [],
                                            "isInner": false,
                                            "widgetType": "icon-list",
                                            "elType": "widget"
                                        }
                                    ],
                                    "isInner": true,
                                    "elType": "container"
                                }
                            ],
                            "isInner": true,
                            "elType": "container"
                        }
                    ],
                    "isInner": true,
                    "elType": "container"
                },
                {
                    "id": "4ee1c862",
                    "settings": {
                        "flex_direction": "row",
                        "padding": {
                            "unit": "em",
                            "top": "1",
                            "right": "0",
                            "bottom": "1",
                            "left": "0",
                            "isLinked": false
                        },
                        "padding_tablet": {
                            "unit": "em",
                            "top": "",
                            "right": "",
                            "bottom": "",
                            "left": "",
                            "isLinked": true
                        },
                        "padding_mobile": {
                            "unit": "em",
                            "top": "",
                            "right": "",
                            "bottom": "",
                            "left": "",
                            "isLinked": true
                        }
                    },
                    "elements": [
                        {
                            "id": "384bbd6",
                            "settings": {
                                "content_width": "full",
                                "flex_justify_content": "center"
                            },
                            "elements": [
                                {
                                    "id": "6b2cc481",
                                    "settings": {
                                        "title": "\u00a9 Seniora Senior Care Services. All Right Reserved 2024.",
                                        "header_size": "div",
                                        "__globals__": {
                                            "typography_typography": "globals\/typography?id=text",
                                            "title_color": "globals\/colors?id=c41bd45"
                                        }
                                    },
                                    "elements": [],
                                    "isInner": false,
                                    "widgetType": "heading",
                                    "elType": "widget"
                                }
                            ],
                            "isInner": true,
                            "elType": "container"
                        },
                        {
                            "id": "493ad457",
                            "settings": {
                                "content_width": "full"
                            },
                            "elements": [
                                {
                                    "id": "33fe76c7",
                                    "settings": {
                                        "social_icon_list": [
                                            {
                                                "social_icon": {
                                                    "value": "icon icon-facebook",
                                                    "library": "ekiticons"
                                                },
                                                "_id": "f7aa610"
                                            },
                                            {
                                                "social_icon": {
                                                    "value": "fab fa-twitter",
                                                    "library": "fa-brands"
                                                },
                                                "_id": "0079e62"
                                            },
                                            {
                                                "social_icon": {
                                                    "value": "fab fa-youtube",
                                                    "library": "fa-brands"
                                                },
                                                "_id": "5170814"
                                            }
                                        ],
                                        "align": "right",
                                        "align_mobile": "left",
                                        "icon_color": "custom",
                                        "icon_size": {
                                            "unit": "px",
                                            "size": 15,
                                            "sizes": []
                                        },
                                        "image_border_border": "solid",
                                        "image_border_width": {
                                            "unit": "px",
                                            "top": "1",
                                            "right": "1",
                                            "bottom": "1",
                                            "left": "1",
                                            "isLinked": true
                                        },
                                        "border_radius": {
                                            "unit": "px",
                                            "top": "0",
                                            "right": "5",
                                            "bottom": "0",
                                            "left": "5",
                                            "isLinked": false
                                        },
                                        "hover_animation": "shrink",
                                        "__globals__": {
                                            "icon_primary_color": "globals\/colors?id=c139d8d",
                                            "icon_secondary_color": "globals\/colors?id=secondary",
                                            "image_border_color": "globals\/colors?id=c139d8d",
                                            "hover_primary_color": "globals\/colors?id=5a23e1e",
                                            "hover_secondary_color": "globals\/colors?id=c41bd45",
                                            "hover_border_color": "globals\/colors?id=c41bd45"
                                        }
                                    },
                                    "elements": [],
                                    "isInner": false,
                                    "widgetType": "social-icons",
                                    "elType": "widget"
                                }
                            ],
                            "isInner": true,
                            "elType": "container"
                        }
                    ],
                    "isInner": true,
                    "elType": "container"
                }
            ],
            "isInner": false,
            "elType": "container"
        }
    ]
}