{
    "version": "0.4",
    "title": "Gallery",
    "type": "page",
    "metadata": {
        "template_type": "single-page",
        "include_in_zip": "1",
        "elementor_pro_required": null,
        "wp_page_template": "elementor_header_footer"
    },
    "content": [
        {
            "id": "5b105778",
            "settings": {
                "flex_direction": "column",
                "min_height": {
                    "unit": "vh",
                    "size": 45,
                    "sizes": []
                },
                "min_height_tablet": {
                    "unit": "vh",
                    "size": "",
                    "sizes": []
                },
                "min_height_mobile": {
                    "unit": "vh",
                    "size": "",
                    "sizes": []
                },
                "flex_justify_content": "center",
                "flex_gap": {
                    "column": "5",
                    "row": "5",
                    "isLinked": true,
                    "unit": "px",
                    "size": 5
                },
                "background_background": "classic",
                "background_image": {
                    "url": "https:\/\/askit.dextheme.net\/seniora\/wp-content\/uploads\/sites\/8\/2024\/03\/N6HWNML.jpg",
                    "id": 777,
                    "size": "",
                    "alt": "",
                    "source": "library"
                },
                "background_position": "center center",
                "background_repeat": "no-repeat",
                "background_size": "cover",
                "background_overlay_background": "classic",
                "background_overlay_opacity": {
                    "unit": "px",
                    "size": 0.4,
                    "sizes": []
                },
                "__globals__": {
                    "background_overlay_color": "globals\/colors?id=c41bd45"
                },
                "_title": "Header Page"
            },
            "elements": [
                {
                    "id": "ac8ccb3",
                    "settings": {
                        "title": "Gallery",
                        "__globals__": {
                            "title_color": "globals\/colors?id=secondary"
                        },
                        "_background_color_stop_tablet": {
                            "unit": "%",
                            "size": "",
                            "sizes": []
                        },
                        "_background_color_stop_mobile": {
                            "unit": "%",
                            "size": "",
                            "sizes": []
                        },
                        "_background_color_b_stop_tablet": {
                            "unit": "%",
                            "size": "",
                            "sizes": []
                        },
                        "_background_color_b_stop_mobile": {
                            "unit": "%",
                            "size": "",
                            "sizes": []
                        },
                        "_background_gradient_angle_tablet": {
                            "unit": "deg",
                            "size": "",
                            "sizes": []
                        },
                        "_background_gradient_angle_mobile": {
                            "unit": "deg",
                            "size": "",
                            "sizes": []
                        },
                        "_background_hover_color_stop_tablet": {
                            "unit": "%",
                            "size": "",
                            "sizes": []
                        },
                        "_background_hover_color_stop_mobile": {
                            "unit": "%",
                            "size": "",
                            "sizes": []
                        },
                        "_background_hover_color_b_stop_tablet": {
                            "unit": "%",
                            "size": "",
                            "sizes": []
                        },
                        "_background_hover_color_b_stop_mobile": {
                            "unit": "%",
                            "size": "",
                            "sizes": []
                        },
                        "_background_hover_gradient_angle_tablet": {
                            "unit": "deg",
                            "size": "",
                            "sizes": []
                        },
                        "_background_hover_gradient_angle_mobile": {
                            "unit": "deg",
                            "size": "",
                            "sizes": []
                        }
                    },
                    "elements": [],
                    "isInner": false,
                    "widgetType": "heading",
                    "elType": "widget"
                },
                {
                    "id": "1a24ec16",
                    "settings": {
                        "editor": "<p><a href=\"#\">Home<\/a> - Gallery<\/p>",
                        "__globals__": {
                            "text_color": "globals\/colors?id=secondary"
                        },
                        "_background_color_stop_tablet": {
                            "unit": "%",
                            "size": "",
                            "sizes": []
                        },
                        "_background_color_stop_mobile": {
                            "unit": "%",
                            "size": "",
                            "sizes": []
                        },
                        "_background_color_b_stop_tablet": {
                            "unit": "%",
                            "size": "",
                            "sizes": []
                        },
                        "_background_color_b_stop_mobile": {
                            "unit": "%",
                            "size": "",
                            "sizes": []
                        },
                        "_background_gradient_angle_tablet": {
                            "unit": "deg",
                            "size": "",
                            "sizes": []
                        },
                        "_background_gradient_angle_mobile": {
                            "unit": "deg",
                            "size": "",
                            "sizes": []
                        },
                        "_background_hover_color_stop_tablet": {
                            "unit": "%",
                            "size": "",
                            "sizes": []
                        },
                        "_background_hover_color_stop_mobile": {
                            "unit": "%",
                            "size": "",
                            "sizes": []
                        },
                        "_background_hover_color_b_stop_tablet": {
                            "unit": "%",
                            "size": "",
                            "sizes": []
                        },
                        "_background_hover_color_b_stop_mobile": {
                            "unit": "%",
                            "size": "",
                            "sizes": []
                        },
                        "_background_hover_gradient_angle_tablet": {
                            "unit": "deg",
                            "size": "",
                            "sizes": []
                        },
                        "_background_hover_gradient_angle_mobile": {
                            "unit": "deg",
                            "size": "",
                            "sizes": []
                        }
                    },
                    "elements": [],
                    "isInner": false,
                    "widgetType": "text-editor",
                    "elType": "widget"
                }
            ],
            "isInner": false,
            "elType": "container"
        },
        {
            "id": "2fd8b8bf",
            "settings": {
                "flex_direction": "column",
                "padding": {
                    "unit": "em",
                    "top": "6",
                    "right": "0",
                    "bottom": "6",
                    "left": "0",
                    "isLinked": false
                },
                "padding_tablet": {
                    "unit": "em",
                    "top": "",
                    "right": "",
                    "bottom": "",
                    "left": "",
                    "isLinked": true
                },
                "padding_mobile": {
                    "unit": "em",
                    "top": "",
                    "right": "",
                    "bottom": "",
                    "left": "",
                    "isLinked": true
                },
                "_title": "Gallery"
            },
            "elements": [
                {
                    "id": "12e8062",
                    "settings": {
                        "title": "Explore Our Gallery",
                        "header_size": "h6",
                        "typography_font_family": "Libre Baskerville",
                        "typography_font_size": {
                            "unit": "rem",
                            "size": 0.9,
                            "sizes": []
                        },
                        "typography_font_size_tablet": {
                            "unit": "rem",
                            "size": "",
                            "sizes": []
                        },
                        "typography_font_size_mobile": {
                            "unit": "rem",
                            "size": "",
                            "sizes": []
                        },
                        "typography_font_weight": "500",
                        "typography_line_height": {
                            "unit": "em",
                            "size": 1.3,
                            "sizes": []
                        },
                        "_element_custom_width": {
                            "unit": "%",
                            "size": 70,
                            "sizes": []
                        },
                        "_flex_align_self": "center",
                        "__globals__": {
                            "title_color": "globals\/colors?id=primary"
                        },
                        "_background_color_stop_tablet": {
                            "unit": "%",
                            "size": "",
                            "sizes": []
                        },
                        "_background_color_stop_mobile": {
                            "unit": "%",
                            "size": "",
                            "sizes": []
                        },
                        "_background_color_b_stop_tablet": {
                            "unit": "%",
                            "size": "",
                            "sizes": []
                        },
                        "_background_color_b_stop_mobile": {
                            "unit": "%",
                            "size": "",
                            "sizes": []
                        },
                        "_background_gradient_angle_tablet": {
                            "unit": "deg",
                            "size": "",
                            "sizes": []
                        },
                        "_background_gradient_angle_mobile": {
                            "unit": "deg",
                            "size": "",
                            "sizes": []
                        },
                        "_background_hover_color_stop_tablet": {
                            "unit": "%",
                            "size": "",
                            "sizes": []
                        },
                        "_background_hover_color_stop_mobile": {
                            "unit": "%",
                            "size": "",
                            "sizes": []
                        },
                        "_background_hover_color_b_stop_tablet": {
                            "unit": "%",
                            "size": "",
                            "sizes": []
                        },
                        "_background_hover_color_b_stop_mobile": {
                            "unit": "%",
                            "size": "",
                            "sizes": []
                        },
                        "_background_hover_gradient_angle_tablet": {
                            "unit": "deg",
                            "size": "",
                            "sizes": []
                        },
                        "_background_hover_gradient_angle_mobile": {
                            "unit": "deg",
                            "size": "",
                            "sizes": []
                        }
                    },
                    "elements": [],
                    "isInner": false,
                    "widgetType": "heading",
                    "elType": "widget"
                },
                {
                    "id": "2a8317e6",
                    "settings": {
                        "title": "Moments of Joy, Moments of Care",
                        "title_color": "#313131",
                        "typography_typography": "custom",
                        "typography_font_family": "Libre Baskerville",
                        "typography_font_size": {
                            "unit": "rem",
                            "size": 2.8,
                            "sizes": []
                        },
                        "typography_font_size_tablet": {
                            "unit": "rem",
                            "size": "",
                            "sizes": []
                        },
                        "typography_font_size_mobile": {
                            "unit": "rem",
                            "size": "",
                            "sizes": []
                        },
                        "typography_font_weight": "600",
                        "typography_line_height": {
                            "unit": "em",
                            "size": 1,
                            "sizes": []
                        },
                        "_element_width": "initial",
                        "align": "center",
                        "_flex_align_self": "center",
                        "_animation": "fadeInUp",
                        "animation_duration": "slow",
                        "_background_color_stop_tablet": {
                            "unit": "%",
                            "size": "",
                            "sizes": []
                        },
                        "_background_color_stop_mobile": {
                            "unit": "%",
                            "size": "",
                            "sizes": []
                        },
                        "_background_color_b_stop_tablet": {
                            "unit": "%",
                            "size": "",
                            "sizes": []
                        },
                        "_background_color_b_stop_mobile": {
                            "unit": "%",
                            "size": "",
                            "sizes": []
                        },
                        "_background_gradient_angle_tablet": {
                            "unit": "deg",
                            "size": "",
                            "sizes": []
                        },
                        "_background_gradient_angle_mobile": {
                            "unit": "deg",
                            "size": "",
                            "sizes": []
                        },
                        "_background_hover_color_stop_tablet": {
                            "unit": "%",
                            "size": "",
                            "sizes": []
                        },
                        "_background_hover_color_stop_mobile": {
                            "unit": "%",
                            "size": "",
                            "sizes": []
                        },
                        "_background_hover_color_b_stop_tablet": {
                            "unit": "%",
                            "size": "",
                            "sizes": []
                        },
                        "_background_hover_color_b_stop_mobile": {
                            "unit": "%",
                            "size": "",
                            "sizes": []
                        },
                        "_background_hover_gradient_angle_tablet": {
                            "unit": "deg",
                            "size": "",
                            "sizes": []
                        },
                        "_background_hover_gradient_angle_mobile": {
                            "unit": "deg",
                            "size": "",
                            "sizes": []
                        }
                    },
                    "elements": [],
                    "isInner": false,
                    "widgetType": "heading",
                    "elType": "widget"
                },
                {
                    "id": "8c1ea33",
                    "settings": {
                        "align_tablet": "center",
                        "_flex_align_self": "center",
                        "editor": "<p>Lorem ipsum dolor sit amet, consectetur adipiscing elit. Proin venenatis placerat nibh, ut volutpat est lobortis nec. Donec eget augue nec arcu porta gravida in sit amet tortor. Integer venenatis, nibh a imperdiet consequat.<\/p>",
                        "align": "center",
                        "_element_width": "initial",
                        "_element_custom_width": {
                            "unit": "%",
                            "size": 70,
                            "sizes": []
                        },
                        "_element_custom_width_mobile": {
                            "unit": "%",
                            "size": 100,
                            "sizes": []
                        },
                        "_element_custom_width_tablet": {
                            "unit": "%",
                            "size": 100,
                            "sizes": []
                        },
                        "__globals__": {
                            "text_color": ""
                        },
                        "_background_color_stop_tablet": {
                            "unit": "%",
                            "size": "",
                            "sizes": []
                        },
                        "_background_color_stop_mobile": {
                            "unit": "%",
                            "size": "",
                            "sizes": []
                        },
                        "_background_color_b_stop_tablet": {
                            "unit": "%",
                            "size": "",
                            "sizes": []
                        },
                        "_background_color_b_stop_mobile": {
                            "unit": "%",
                            "size": "",
                            "sizes": []
                        },
                        "_background_gradient_angle_tablet": {
                            "unit": "deg",
                            "size": "",
                            "sizes": []
                        },
                        "_background_gradient_angle_mobile": {
                            "unit": "deg",
                            "size": "",
                            "sizes": []
                        },
                        "_background_hover_color_stop_tablet": {
                            "unit": "%",
                            "size": "",
                            "sizes": []
                        },
                        "_background_hover_color_stop_mobile": {
                            "unit": "%",
                            "size": "",
                            "sizes": []
                        },
                        "_background_hover_color_b_stop_tablet": {
                            "unit": "%",
                            "size": "",
                            "sizes": []
                        },
                        "_background_hover_color_b_stop_mobile": {
                            "unit": "%",
                            "size": "",
                            "sizes": []
                        },
                        "_background_hover_gradient_angle_tablet": {
                            "unit": "deg",
                            "size": "",
                            "sizes": []
                        },
                        "_background_hover_gradient_angle_mobile": {
                            "unit": "deg",
                            "size": "",
                            "sizes": []
                        }
                    },
                    "elements": [],
                    "isInner": false,
                    "widgetType": "text-editor",
                    "elType": "widget"
                },
                {
                    "id": "64ccd706",
                    "settings": {
                        "wp_gallery": [
                            {
                                "id": 369,
                                "url": "https:\/\/askit.dextheme.net\/seniora\/wp-content\/uploads\/sites\/8\/2024\/03\/6KU9FEM.jpg"
                            },
                            {
                                "id": 366,
                                "url": "https:\/\/askit.dextheme.net\/seniora\/wp-content\/uploads\/sites\/8\/2024\/03\/UECSBD7.jpg"
                            },
                            {
                                "id": 363,
                                "url": "https:\/\/askit.dextheme.net\/seniora\/wp-content\/uploads\/sites\/8\/2024\/03\/T6Q65ZK.jpg"
                            },
                            {
                                "id": 360,
                                "url": "https:\/\/askit.dextheme.net\/seniora\/wp-content\/uploads\/sites\/8\/2024\/03\/L46W6SZ.jpg"
                            },
                            {
                                "id": 357,
                                "url": "https:\/\/askit.dextheme.net\/seniora\/wp-content\/uploads\/sites\/8\/2024\/03\/Z2C3FND.jpg"
                            },
                            {
                                "id": 350,
                                "url": "https:\/\/askit.dextheme.net\/seniora\/wp-content\/uploads\/sites\/8\/2024\/03\/7JYGHY3.jpg"
                            }
                        ],
                        "thumbnail_size": "full",
                        "gallery_columns": "3",
                        "gallery_display_caption": "none",
                        "image_spacing": "custom",
                        "image_spacing_custom": {
                            "unit": "px",
                            "size": 30,
                            "sizes": []
                        },
                        "image_border_radius": {
                            "unit": "px",
                            "top": "15",
                            "right": "15",
                            "bottom": "15",
                            "left": "15",
                            "isLinked": true
                        }
                    },
                    "elements": [],
                    "isInner": false,
                    "widgetType": "image-gallery",
                    "elType": "widget"
                }
            ],
            "isInner": false,
            "elType": "container"
        },
        {
            "id": "73f857c1",
            "settings": {
                "flex_direction": "column",
                "margin": {
                    "unit": "%",
                    "top": "0",
                    "right": "0",
                    "bottom": "-6",
                    "left": "0",
                    "isLinked": false
                },
                "margin_tablet": {
                    "unit": "%",
                    "top": "",
                    "right": "",
                    "bottom": "",
                    "left": "",
                    "isLinked": true
                },
                "margin_mobile": {
                    "unit": "%",
                    "top": "",
                    "right": "",
                    "bottom": "",
                    "left": "",
                    "isLinked": true
                },
                "animation": "fadeIn",
                "animation_duration": "slow",
                "_title": "Video",
                "padding": {
                    "unit": "em",
                    "top": "6",
                    "right": "0",
                    "bottom": "0",
                    "left": "0",
                    "isLinked": false
                },
                "padding_tablet": {
                    "unit": "em",
                    "top": "",
                    "right": "",
                    "bottom": "",
                    "left": "",
                    "isLinked": true
                },
                "padding_mobile": {
                    "unit": "em",
                    "top": "",
                    "right": "",
                    "bottom": "",
                    "left": "",
                    "isLinked": true
                },
                "z_index": 1
            },
            "elements": [
                {
                    "id": "2fd07b9d",
                    "settings": {
                        "border_border": "dashed",
                        "border_width": {
                            "unit": "px",
                            "top": "2",
                            "right": "2",
                            "bottom": "2",
                            "left": "2",
                            "isLinked": true
                        },
                        "border_radius": {
                            "unit": "px",
                            "top": "20",
                            "right": "20",
                            "bottom": "20",
                            "left": "20",
                            "isLinked": true
                        },
                        "__globals__": {
                            "border_color": "globals\/colors?id=c139d8d"
                        }
                    },
                    "elements": [
                        {
                            "id": "38934b27",
                            "settings": {
                                "ekit_video_popup_button_title": "Play Video",
                                "ekit_video_popup_url": "https:\/\/www.youtube.com\/watch?v=VhBl3dHT5SY",
                                "ekit_video_self_external_url": "https:\/\/wpmet.com\/plugin\/elementskit\/wp-content\/uploads\/2022\/11\/selfhosted_video.mp4",
                                "ekit_video_wrap_padding": {
                                    "unit": "px",
                                    "top": "150",
                                    "right": "0",
                                    "bottom": "150",
                                    "left": "0",
                                    "isLinked": false
                                },
                                "ekit_video_popup_icon_size": {
                                    "unit": "px",
                                    "size": 35,
                                    "sizes": []
                                },
                                "ekit_video_popup_btn_width": {
                                    "unit": "px",
                                    "size": 75,
                                    "sizes": []
                                },
                                "ekit_video_popup_btn_height": {
                                    "unit": "px",
                                    "size": 75,
                                    "sizes": []
                                },
                                "ekit_video_popup_btn_line_height": {
                                    "unit": "px",
                                    "size": 70,
                                    "sizes": []
                                },
                                "ekit_video_popup_btn_glow_size": {
                                    "unit": "px",
                                    "size": 30,
                                    "sizes": []
                                },
                                "ekit_video_popup_btn_bg_color_background": "classic",
                                "ekit_video_popup_btn_bg_color_image": {
                                    "url": "",
                                    "id": "",
                                    "size": "",
                                    "alt": "",
                                    "source": "library"
                                },
                                "_margin": {
                                    "unit": "%",
                                    "top": "-2",
                                    "right": "0",
                                    "bottom": "2",
                                    "left": "0",
                                    "isLinked": false
                                },
                                "_margin_tablet": {
                                    "unit": "%",
                                    "top": "",
                                    "right": "",
                                    "bottom": "",
                                    "left": "",
                                    "isLinked": true
                                },
                                "_margin_mobile": {
                                    "unit": "%",
                                    "top": "",
                                    "right": "",
                                    "bottom": "",
                                    "left": "",
                                    "isLinked": true
                                },
                                "_padding": {
                                    "unit": "px",
                                    "top": "",
                                    "right": "",
                                    "bottom": "",
                                    "left": "",
                                    "isLinked": false
                                },
                                "_background_background": "classic",
                                "_background_image": {
                                    "url": "https:\/\/askit.dextheme.net\/nanni\/wp-content\/uploads\/sites\/8\/2024\/02\/356H4G9.jpg",
                                    "id": 313,
                                    "size": "",
                                    "alt": "",
                                    "source": "library"
                                },
                                "_background_position": "center center",
                                "_background_repeat": "no-repeat",
                                "_background_size": "cover",
                                "_border_radius": {
                                    "unit": "px",
                                    "top": "20",
                                    "right": "20",
                                    "bottom": "20",
                                    "left": "20",
                                    "isLinked": true
                                },
                                "_box_shadow_box_shadow_type": "yes",
                                "_box_shadow_box_shadow": {
                                    "horizontal": 0,
                                    "vertical": 5,
                                    "blur": 10,
                                    "spread": 0,
                                    "color": "rgba(0, 0, 0, 0.24)"
                                },
                                "__globals__": {
                                    "ekit_video_popup_btn_bg_color_color": "globals\/colors?id=secondary",
                                    "ekit_video_popup_btn_glow_color": "globals\/colors?id=primary",
                                    "ekit_video_popup_btn_text_color": "globals\/colors?id=primary"
                                },
                                "_background_color_stop_tablet": {
                                    "unit": "%",
                                    "size": "",
                                    "sizes": []
                                },
                                "_background_color_stop_mobile": {
                                    "unit": "%",
                                    "size": "",
                                    "sizes": []
                                },
                                "_background_color_b_stop_tablet": {
                                    "unit": "%",
                                    "size": "",
                                    "sizes": []
                                },
                                "_background_color_b_stop_mobile": {
                                    "unit": "%",
                                    "size": "",
                                    "sizes": []
                                },
                                "_background_gradient_angle_tablet": {
                                    "unit": "deg",
                                    "size": "",
                                    "sizes": []
                                },
                                "_background_gradient_angle_mobile": {
                                    "unit": "deg",
                                    "size": "",
                                    "sizes": []
                                },
                                "_background_hover_color_stop_tablet": {
                                    "unit": "%",
                                    "size": "",
                                    "sizes": []
                                },
                                "_background_hover_color_stop_mobile": {
                                    "unit": "%",
                                    "size": "",
                                    "sizes": []
                                },
                                "_background_hover_color_b_stop_tablet": {
                                    "unit": "%",
                                    "size": "",
                                    "sizes": []
                                },
                                "_background_hover_color_b_stop_mobile": {
                                    "unit": "%",
                                    "size": "",
                                    "sizes": []
                                },
                                "_background_hover_gradient_angle_tablet": {
                                    "unit": "deg",
                                    "size": "",
                                    "sizes": []
                                },
                                "_background_hover_gradient_angle_mobile": {
                                    "unit": "deg",
                                    "size": "",
                                    "sizes": []
                                }
                            },
                            "elements": [],
                            "isInner": false,
                            "widgetType": "elementskit-video",
                            "elType": "widget"
                        }
                    ],
                    "isInner": true,
                    "elType": "container"
                }
            ],
            "isInner": false,
            "elType": "container"
        },
        {
            "id": "4d085668",
            "settings": {
                "flex_direction": "column",
                "background_background": "classic",
                "background_image": {
                    "url": "",
                    "id": "",
                    "size": "",
                    "alt": "",
                    "source": "library"
                },
                "background_position": "center center",
                "background_attachment": "fixed",
                "background_repeat": "no-repeat",
                "background_size": "cover",
                "background_overlay_background": "classic",
                "background_overlay_opacity": {
                    "unit": "px",
                    "size": 0.2,
                    "sizes": []
                },
                "padding": {
                    "unit": "em",
                    "top": "12",
                    "right": "0",
                    "bottom": "6",
                    "left": "0",
                    "isLinked": false
                },
                "padding_tablet": {
                    "unit": "em",
                    "top": "",
                    "right": "",
                    "bottom": "",
                    "left": "",
                    "isLinked": true
                },
                "padding_mobile": {
                    "unit": "em",
                    "top": "",
                    "right": "",
                    "bottom": "",
                    "left": "",
                    "isLinked": true
                },
                "__globals__": {
                    "background_color": "",
                    "background_overlay_color": "globals\/colors?id=2ddbd16"
                },
                "flex_gap": {
                    "column": "30",
                    "row": "30",
                    "isLinked": true,
                    "unit": "px",
                    "size": 30
                },
                "background_overlay_image": {
                    "url": "https:\/\/askit.dextheme.net\/nanni\/wp-content\/uploads\/sites\/8\/2024\/02\/bg3.png",
                    "id": 305,
                    "size": "",
                    "alt": "",
                    "source": "library"
                },
                "background_overlay_position": "bottom center",
                "background_overlay_repeat": "no-repeat",
                "background_overlay_size": "cover",
                "_title": "Testimonials"
            },
            "elements": [
                {
                    "id": "1693e69",
                    "settings": {
                        "title": "Testimonials",
                        "header_size": "h6",
                        "typography_font_family": "Libre Baskerville",
                        "typography_font_size": {
                            "unit": "rem",
                            "size": 0.9,
                            "sizes": []
                        },
                        "typography_font_size_tablet": {
                            "unit": "rem",
                            "size": "",
                            "sizes": []
                        },
                        "typography_font_size_mobile": {
                            "unit": "rem",
                            "size": "",
                            "sizes": []
                        },
                        "typography_font_weight": "500",
                        "typography_line_height": {
                            "unit": "em",
                            "size": 1.3,
                            "sizes": []
                        },
                        "_element_custom_width": {
                            "unit": "%",
                            "size": 70,
                            "sizes": []
                        },
                        "_flex_align_self": "center",
                        "__globals__": {
                            "title_color": "globals\/colors?id=primary"
                        },
                        "_background_color_stop_tablet": {
                            "unit": "%",
                            "size": "",
                            "sizes": []
                        },
                        "_background_color_stop_mobile": {
                            "unit": "%",
                            "size": "",
                            "sizes": []
                        },
                        "_background_color_b_stop_tablet": {
                            "unit": "%",
                            "size": "",
                            "sizes": []
                        },
                        "_background_color_b_stop_mobile": {
                            "unit": "%",
                            "size": "",
                            "sizes": []
                        },
                        "_background_gradient_angle_tablet": {
                            "unit": "deg",
                            "size": "",
                            "sizes": []
                        },
                        "_background_gradient_angle_mobile": {
                            "unit": "deg",
                            "size": "",
                            "sizes": []
                        },
                        "_background_hover_color_stop_tablet": {
                            "unit": "%",
                            "size": "",
                            "sizes": []
                        },
                        "_background_hover_color_stop_mobile": {
                            "unit": "%",
                            "size": "",
                            "sizes": []
                        },
                        "_background_hover_color_b_stop_tablet": {
                            "unit": "%",
                            "size": "",
                            "sizes": []
                        },
                        "_background_hover_color_b_stop_mobile": {
                            "unit": "%",
                            "size": "",
                            "sizes": []
                        },
                        "_background_hover_gradient_angle_tablet": {
                            "unit": "deg",
                            "size": "",
                            "sizes": []
                        },
                        "_background_hover_gradient_angle_mobile": {
                            "unit": "deg",
                            "size": "",
                            "sizes": []
                        }
                    },
                    "elements": [],
                    "isInner": false,
                    "widgetType": "heading",
                    "elType": "widget"
                },
                {
                    "id": "692002f",
                    "settings": {
                        "title": "Hear What Our Seniors Have to Say.",
                        "typography_typography": "custom",
                        "typography_font_family": "Libre Baskerville",
                        "typography_font_size": {
                            "unit": "rem",
                            "size": 2.8,
                            "sizes": []
                        },
                        "typography_font_size_tablet": {
                            "unit": "rem",
                            "size": "",
                            "sizes": []
                        },
                        "typography_font_size_mobile": {
                            "unit": "rem",
                            "size": "",
                            "sizes": []
                        },
                        "typography_font_weight": "600",
                        "typography_line_height": {
                            "unit": "em",
                            "size": 1,
                            "sizes": []
                        },
                        "_element_width": "initial",
                        "align": "center",
                        "_flex_align_self": "center",
                        "__globals__": {
                            "title_color": "globals\/colors?id=accent"
                        },
                        "_animation": "fadeInDown",
                        "_background_color_stop_tablet": {
                            "unit": "%",
                            "size": "",
                            "sizes": []
                        },
                        "_background_color_stop_mobile": {
                            "unit": "%",
                            "size": "",
                            "sizes": []
                        },
                        "_background_color_b_stop_tablet": {
                            "unit": "%",
                            "size": "",
                            "sizes": []
                        },
                        "_background_color_b_stop_mobile": {
                            "unit": "%",
                            "size": "",
                            "sizes": []
                        },
                        "_background_gradient_angle_tablet": {
                            "unit": "deg",
                            "size": "",
                            "sizes": []
                        },
                        "_background_gradient_angle_mobile": {
                            "unit": "deg",
                            "size": "",
                            "sizes": []
                        },
                        "_background_hover_color_stop_tablet": {
                            "unit": "%",
                            "size": "",
                            "sizes": []
                        },
                        "_background_hover_color_stop_mobile": {
                            "unit": "%",
                            "size": "",
                            "sizes": []
                        },
                        "_background_hover_color_b_stop_tablet": {
                            "unit": "%",
                            "size": "",
                            "sizes": []
                        },
                        "_background_hover_color_b_stop_mobile": {
                            "unit": "%",
                            "size": "",
                            "sizes": []
                        },
                        "_background_hover_gradient_angle_tablet": {
                            "unit": "deg",
                            "size": "",
                            "sizes": []
                        },
                        "_background_hover_gradient_angle_mobile": {
                            "unit": "deg",
                            "size": "",
                            "sizes": []
                        }
                    },
                    "elements": [],
                    "isInner": false,
                    "widgetType": "heading",
                    "elType": "widget"
                },
                {
                    "id": "68472dc1",
                    "settings": {
                        "align_tablet": "center",
                        "_flex_align_self": "center",
                        "editor": "<p>Lorem ipsum dolor sit amet, consectetur adipiscing elit. Proin venenatis placerat nibh, ut volutpat est lobortis nec. Donec eget augue nec arcu porta gravida in sit amet tortor. Integer venenatis, nibh a imperdiet consequat.<\/p>",
                        "align": "center",
                        "_element_width": "initial",
                        "_element_custom_width": {
                            "unit": "%",
                            "size": 70,
                            "sizes": []
                        },
                        "_element_custom_width_mobile": {
                            "unit": "%",
                            "size": 100,
                            "sizes": []
                        },
                        "_element_custom_width_tablet": {
                            "unit": "%",
                            "size": 100,
                            "sizes": []
                        },
                        "__globals__": {
                            "text_color": ""
                        },
                        "_background_color_stop_tablet": {
                            "unit": "%",
                            "size": "",
                            "sizes": []
                        },
                        "_background_color_stop_mobile": {
                            "unit": "%",
                            "size": "",
                            "sizes": []
                        },
                        "_background_color_b_stop_tablet": {
                            "unit": "%",
                            "size": "",
                            "sizes": []
                        },
                        "_background_color_b_stop_mobile": {
                            "unit": "%",
                            "size": "",
                            "sizes": []
                        },
                        "_background_gradient_angle_tablet": {
                            "unit": "deg",
                            "size": "",
                            "sizes": []
                        },
                        "_background_gradient_angle_mobile": {
                            "unit": "deg",
                            "size": "",
                            "sizes": []
                        },
                        "_background_hover_color_stop_tablet": {
                            "unit": "%",
                            "size": "",
                            "sizes": []
                        },
                        "_background_hover_color_stop_mobile": {
                            "unit": "%",
                            "size": "",
                            "sizes": []
                        },
                        "_background_hover_color_b_stop_tablet": {
                            "unit": "%",
                            "size": "",
                            "sizes": []
                        },
                        "_background_hover_color_b_stop_mobile": {
                            "unit": "%",
                            "size": "",
                            "sizes": []
                        },
                        "_background_hover_gradient_angle_tablet": {
                            "unit": "deg",
                            "size": "",
                            "sizes": []
                        },
                        "_background_hover_gradient_angle_mobile": {
                            "unit": "deg",
                            "size": "",
                            "sizes": []
                        }
                    },
                    "elements": [],
                    "isInner": false,
                    "widgetType": "text-editor",
                    "elType": "widget"
                },
                {
                    "id": "4b94d6be",
                    "settings": {
                        "ekit_testimonial_style": "style4",
                        "ekit_testimonial_data": [
                            {
                                "client_name": "Dayana Isabel",
                                "_id": "182ded3",
                                "designation": "Designation",
                                "review": "Lorem ipsum dolor sit amet, consectetur adipiscing elit. Vestibulum sodales sem sit amet convallis fringilla. Sed facilisis posuere blandit.",
                                "client_photo": {
                                    "url": "https:\/\/askit.dextheme.net\/nanni\/wp-content\/uploads\/sites\/8\/2024\/02\/P2TRG2Nc.jpg",
                                    "id": 322,
                                    "size": "",
                                    "alt": "",
                                    "source": "library"
                                }
                            },
                            {
                                "client_name": "Thomas Johnson",
                                "designation": "Designation",
                                "review": "Lorem ipsum dolor sit amet, consectetur adipiscing elit. Vestibulum sodales sem sit amet convallis fringilla. Sed facilisis posuere blandit.",
                                "client_photo": {
                                    "url": "https:\/\/askit.dextheme.net\/nanni\/wp-content\/uploads\/sites\/8\/2024\/02\/P2TRG2Nb.jpg",
                                    "id": 321,
                                    "size": "",
                                    "alt": "",
                                    "source": "library"
                                },
                                "_id": "e7a3e5c"
                            },
                            {
                                "client_name": "Emily Jhonson",
                                "designation": "Designation",
                                "review": "Lorem ipsum dolor sit amet, consectetur adipiscing elit. Vestibulum sodales sem sit amet convallis fringilla. Sed facilisis posuere blandit.",
                                "client_photo": {
                                    "url": "https:\/\/askit.dextheme.net\/nanni\/wp-content\/uploads\/sites\/8\/2024\/02\/P2TRG2Ni.jpg",
                                    "id": 323,
                                    "size": "",
                                    "alt": "",
                                    "source": "library"
                                },
                                "_id": "d019f8c"
                            },
                            {
                                "client_name": "Richard Thompson",
                                "designation": "Designation",
                                "review": "Lorem ipsum dolor sit amet, consectetur adipiscing elit. Vestibulum sodales sem sit amet convallis fringilla. Sed facilisis posuere blandit.",
                                "client_photo": {
                                    "url": "https:\/\/askit.dextheme.net\/nanni\/wp-content\/uploads\/sites\/8\/2024\/02\/P2TRG2Nl.jpg",
                                    "id": 392,
                                    "size": "",
                                    "alt": "",
                                    "source": "library"
                                },
                                "_id": "05606ec"
                            }
                        ],
                        "ekit_testimonial_top_bottom_spacing": {
                            "unit": "px",
                            "top": "5",
                            "right": "10",
                            "bottom": "15",
                            "left": "0",
                            "isLinked": false
                        },
                        "ekit_testimonial_slidetoshow": 3,
                        "ekit_testimonial_show_dot": "yes",
                        "ekit_testimonial_loop": "yes",
                        "ekit_testimonial_layout_margin": {
                            "unit": "px",
                            "size": 10,
                            "sizes": []
                        },
                        "ekit_testimonial_layout_border_radius": {
                            "unit": "px",
                            "top": "0",
                            "right": "20",
                            "bottom": "0",
                            "left": "20",
                            "isLinked": false
                        },
                        "ekit_testimonial_layout_background_background": "classic",
                        "ekit_testimonial_layout_background_color": "#FDFDFD",
                        "ekit_testimonial_layout_border_border": "dashed",
                        "ekit_testimonial_layout_border_width": {
                            "unit": "px",
                            "top": "2",
                            "right": "2",
                            "bottom": "2",
                            "left": "2",
                            "isLinked": true
                        },
                        "ekit_testimonial_layout_border_color": "#BE7BB4",
                        "ekit_testimonial_layout_shadow_box_shadow_type": "yes",
                        "ekit_testimonial_layout_shadow_box_shadow": {
                            "horizontal": 0,
                            "vertical": 5,
                            "blur": 10,
                            "spread": 0,
                            "color": "rgba(0, 0, 0, 0.16)"
                        },
                        "ekit_testimonial_hover_effect": "fade",
                        "ekit_testimonial_description_margin": {
                            "unit": "px",
                            "top": "0",
                            "right": "0",
                            "bottom": "15",
                            "left": "0",
                            "isLinked": false
                        },
                        "ekit_testimonial_review_ratting_spacing": {
                            "unit": "px",
                            "top": "0",
                            "right": "0",
                            "bottom": "15",
                            "left": "0",
                            "isLinked": false
                        },
                        "ekit_testimonial_section_wathermark_color": "#FF9FC845",
                        "ekit_testimonial_section_wathermark_typography": {
                            "unit": "px",
                            "size": 35,
                            "sizes": []
                        },
                        "ekit_testimonial_section_wathermark_margin_bottom": {
                            "unit": "px",
                            "size": 15,
                            "sizes": []
                        },
                        "ekit_testimonial_client_image_border_border": "solid",
                        "ekit_testimonial_client_image_border_width": {
                            "unit": "px",
                            "top": "5",
                            "right": "5",
                            "bottom": "5",
                            "left": "5",
                            "isLinked": true
                        },
                        "ekit_testimonial_client_image_border_color": "#FFFFFF",
                        "ekit_testimonial_client_image_size": {
                            "unit": "px",
                            "size": 80,
                            "sizes": []
                        },
                        "ekit_testimonial_client_dot_bottom": {
                            "unit": "px",
                            "size": -30,
                            "sizes": []
                        },
                        "ekit_testimonial_client_dot_width": {
                            "unit": "px",
                            "size": 6,
                            "sizes": []
                        },
                        "ekit_testimonial_client_dot_height": {
                            "unit": "px",
                            "size": 6,
                            "sizes": []
                        },
                        "ekit_testimonial_client_dot_spacing": {
                            "unit": "px",
                            "size": 10,
                            "sizes": []
                        },
                        "ekit_testimonial_client_dot_background_background": "classic",
                        "ekit_testimonial_client_dot_background_color": "#FF9FC8",
                        "ekit_testimonial_client_dot_active_background_background": "classic",
                        "ekit_testimonial_client_dot_active_background_color": "#BE7BB4",
                        "ekit_testimonial_client_dot_active_width": {
                            "unit": "px",
                            "size": 6,
                            "sizes": []
                        },
                        "ekit_testimonial_client_dot_active_height": {
                            "unit": "px",
                            "size": 6,
                            "sizes": []
                        },
                        "ekit_testimonial_client_dot_active_scale": {
                            "unit": "px",
                            "size": 1.1,
                            "sizes": []
                        },
                        "__globals__": {
                            "ekit_testimonial_layout_border_color": "globals\/colors?id=c139d8d",
                            "ekit_testimonial_client_dot_background_color": "globals\/colors?id=primary",
                            "ekit_testimonial_client_dot_active_background_color": "globals\/colors?id=c139d8d",
                            "ekit_testimonial_description_typography_typography": "globals\/typography?id=8d67ee1",
                            "ekit_testimonial_section_wathermark_color": "globals\/colors?id=c139d8d",
                            "ekit_testimonial_client_image_border_color": "globals\/colors?id=secondary",
                            "ekit_testimonial_layout_background_color": "",
                            "ekit_testimonial_client_name_typography_typography": "globals\/typography?id=34d65a6",
                            "ekit_testimonial_designation_typography_typography": "globals\/typography?id=primary",
                            "ekit_testimonial_client_name_normal_color": "globals\/colors?id=c139d8d",
                            "ekit_testimonial_designation_normal_color": "globals\/colors?id=text",
                            "ekit_testimonial_review_ratting_color": "globals\/colors?id=c139d8d",
                            "ekit_testimonial_description_color": "globals\/colors?id=accent"
                        },
                        "ekit_testimonial_speed": 750,
                        "_background_color_stop_tablet": {
                            "unit": "%",
                            "size": "",
                            "sizes": []
                        },
                        "_background_color_stop_mobile": {
                            "unit": "%",
                            "size": "",
                            "sizes": []
                        },
                        "_background_color_b_stop_tablet": {
                            "unit": "%",
                            "size": "",
                            "sizes": []
                        },
                        "_background_color_b_stop_mobile": {
                            "unit": "%",
                            "size": "",
                            "sizes": []
                        },
                        "_background_gradient_angle_tablet": {
                            "unit": "deg",
                            "size": "",
                            "sizes": []
                        },
                        "_background_gradient_angle_mobile": {
                            "unit": "deg",
                            "size": "",
                            "sizes": []
                        },
                        "_background_hover_color_stop_tablet": {
                            "unit": "%",
                            "size": "",
                            "sizes": []
                        },
                        "_background_hover_color_stop_mobile": {
                            "unit": "%",
                            "size": "",
                            "sizes": []
                        },
                        "_background_hover_color_b_stop_tablet": {
                            "unit": "%",
                            "size": "",
                            "sizes": []
                        },
                        "_background_hover_color_b_stop_mobile": {
                            "unit": "%",
                            "size": "",
                            "sizes": []
                        },
                        "_background_hover_gradient_angle_tablet": {
                            "unit": "deg",
                            "size": "",
                            "sizes": []
                        },
                        "_background_hover_gradient_angle_mobile": {
                            "unit": "deg",
                            "size": "",
                            "sizes": []
                        },
                        "ekit_testimonial_rating_enable": ""
                    },
                    "elements": [],
                    "isInner": false,
                    "widgetType": "elementskit-testimonial",
                    "elType": "widget"
                }
            ],
            "isInner": false,
            "elType": "container"
        }
    ],
    "page_settings": {
        "hide_title": "yes",
        "template": "elementor_header_footer"
    }
}