{
    "version": "0.4",
    "title": "Global Kit Styles",
    "type": "section",
    "metadata": {
        "template_type": "global-styles",
        "include_in_zip": "1",
        "elementor_pro_required": null,
        "additional_template_information": [
            "These are the global theme styles configured through the Elementor Theme Styles area."
        ],
        "wp_page_template": "default"
    },
    "content": [],
    "page_settings": {
        "system_colors": [
            {
                "_id": "primary",
                "title": "Primary",
                "color": "#FF9FC8"
            },
            {
                "_id": "secondary",
                "title": "Secondary",
                "color": "#FFFFFF"
            },
            {
                "_id": "text",
                "title": "Text",
                "color": "#7A7A7A"
            },
            {
                "_id": "accent",
                "title": "Accent",
                "color": "#454545"
            }
        ],
        "custom_colors": [
            {
                "_id": "6e1f86b",
                "title": "Overlay Color 1",
                "color": "#FFF9FD"
            },
            {
                "_id": "c139d8d",
                "title": "Overlay Color 2",
                "color": "#BE7BB4"
            },
            {
                "_id": "5a23e1e",
                "title": "Transparent Color 1",
                "color": "#00000000"
            },
            {
                "_id": "2ddbd16",
                "title": "Transparent Color 2",
                "color": "#FF9FC8A8"
            },
            {
                "_id": "8e9bac2",
                "title": "Transparent Color 3",
                "color": "#FF9FC845"
            },
            {
                "_id": "8244c83",
                "title": "Overlay Color 3",
                "color": "#F1F1F1"
            },
            {
                "_id": "c41bd45",
                "title": "Overlay Color 4",
                "color": "#141414"
            }
        ],
        "system_typography": [
            {
                "_id": "primary",
                "title": "Primary",
                "typography_typography": "custom",
                "typography_font_family": "Libre Baskerville"
            },
            {
                "_id": "secondary",
                "title": "Secondary",
                "typography_typography": "custom",
                "typography_font_family": "Libre Baskerville",
                "typography_font_weight": "400"
            },
            {
                "_id": "text",
                "title": "Text",
                "typography_typography": "custom",
                "typography_font_family": "Arial",
                "typography_font_size": {
                    "unit": "rem",
                    "size": 1,
                    "sizes": []
                },
                "typography_line_height": {
                    "unit": "em",
                    "size": 1.4,
                    "sizes": []
                }
            },
            {
                "_id": "accent",
                "title": "Accent",
                "typography_typography": "custom",
                "typography_font_family": "Libre Baskerville",
                "typography_font_weight": "600",
                "typography_font_size": {
                    "unit": "rem",
                    "size": 1,
                    "sizes": []
                },
                "typography_font_size_tablet": {
                    "unit": "rem",
                    "size": 1,
                    "sizes": []
                },
                "typography_font_size_mobile": {
                    "unit": "rem",
                    "size": 1,
                    "sizes": []
                },
                "typography_line_height_tablet": {
                    "unit": "em",
                    "size": 1,
                    "sizes": []
                },
                "typography_line_height_mobile": {
                    "unit": "em",
                    "size": 1,
                    "sizes": []
                }
            }
        ],
        "custom_typography": [
            {
                "typography_typography": "custom",
                "typography_font_family": "Libre Baskerville",
                "typography_font_size": {
                    "unit": "rem",
                    "size": 5.5,
                    "sizes": []
                },
                "typography_font_size_tablet": {
                    "unit": "rem",
                    "size": 3.5,
                    "sizes": []
                },
                "typography_font_size_mobile": {
                    "unit": "rem",
                    "size": 2.5,
                    "sizes": []
                },
                "typography_font_weight": "600",
                "typography_line_height": {
                    "unit": "em",
                    "size": 1,
                    "sizes": []
                },
                "_id": "bde8a02",
                "title": "H1 - Hero Title"
            },
            {
                "typography_typography": "custom",
                "typography_font_family": "Libre Baskerville",
                "typography_font_size": {
                    "unit": "rem",
                    "size": 2.8,
                    "sizes": []
                },
                "typography_font_size_tablet": {
                    "unit": "rem",
                    "size": 2.5,
                    "sizes": []
                },
                "typography_font_size_mobile": {
                    "unit": "rem",
                    "size": 2,
                    "sizes": []
                },
                "typography_font_weight": "600",
                "typography_line_height": {
                    "unit": "em",
                    "size": 1.2,
                    "sizes": []
                },
                "_id": "19d2b05",
                "title": "H2 - Extra Large Title",
                "typography_line_height_tablet": {
                    "unit": "em",
                    "size": 1.2,
                    "sizes": []
                },
                "typography_line_height_mobile": {
                    "unit": "em",
                    "size": 1.2,
                    "sizes": []
                }
            },
            {
                "_id": "7408150",
                "title": "H3 - Large Title",
                "typography_typography": "custom",
                "typography_font_family": "Libre Baskerville",
                "typography_font_size": {
                    "unit": "rem",
                    "size": 2.3,
                    "sizes": []
                },
                "typography_font_size_tablet": {
                    "unit": "rem",
                    "size": 2,
                    "sizes": []
                },
                "typography_font_size_mobile": {
                    "unit": "rem",
                    "size": 1.6,
                    "sizes": []
                },
                "typography_font_weight": "600",
                "typography_line_height": {
                    "unit": "em",
                    "size": 1.2,
                    "sizes": []
                },
                "typography_line_height_tablet": {
                    "unit": "em",
                    "size": 1.2,
                    "sizes": []
                },
                "typography_line_height_mobile": {
                    "unit": "em",
                    "size": 1.2,
                    "sizes": []
                }
            },
            {
                "_id": "0be1f79",
                "title": "H4 - Medium Title",
                "typography_typography": "custom",
                "typography_font_family": "Libre Baskerville",
                "typography_font_size": {
                    "unit": "rem",
                    "size": 1.3,
                    "sizes": []
                },
                "typography_font_size_tablet": {
                    "unit": "rem",
                    "size": 1.3,
                    "sizes": []
                },
                "typography_font_size_mobile": {
                    "unit": "rem",
                    "size": 1.3,
                    "sizes": []
                },
                "typography_font_weight": "600",
                "typography_line_height": {
                    "unit": "em",
                    "size": 1.2,
                    "sizes": []
                },
                "typography_line_height_tablet": {
                    "unit": "em",
                    "size": 1.2,
                    "sizes": []
                },
                "typography_line_height_mobile": {
                    "unit": "em",
                    "size": 1.2,
                    "sizes": []
                }
            },
            {
                "_id": "83cf588",
                "title": "H5 - Small Title",
                "typography_typography": "custom",
                "typography_font_family": "Libre Baskerville",
                "typography_font_size": {
                    "unit": "rem",
                    "size": 1,
                    "sizes": []
                },
                "typography_font_size_tablet": {
                    "unit": "rem",
                    "size": 1,
                    "sizes": []
                },
                "typography_font_size_mobile": {
                    "unit": "rem",
                    "size": 1,
                    "sizes": []
                },
                "typography_font_weight": "600",
                "typography_line_height": {
                    "unit": "em",
                    "size": 1.2,
                    "sizes": []
                },
                "typography_line_height_tablet": {
                    "unit": "em",
                    "size": 1.2,
                    "sizes": []
                },
                "typography_line_height_mobile": {
                    "unit": "em",
                    "size": 1.2,
                    "sizes": []
                }
            },
            {
                "_id": "34d65a6",
                "title": "H6 - Extra Small Title",
                "typography_typography": "custom",
                "typography_font_family": "Libre Baskerville",
                "typography_font_size": {
                    "unit": "rem",
                    "size": 0.9,
                    "sizes": []
                },
                "typography_font_size_tablet": {
                    "unit": "rem",
                    "size": 0.9,
                    "sizes": []
                },
                "typography_font_size_mobile": {
                    "unit": "rem",
                    "size": 0.9,
                    "sizes": []
                },
                "typography_font_weight": "600",
                "typography_line_height": {
                    "unit": "em",
                    "size": 1.2,
                    "sizes": []
                },
                "typography_line_height_tablet": {
                    "unit": "em",
                    "size": 1.2,
                    "sizes": []
                },
                "typography_line_height_mobile": {
                    "unit": "em",
                    "size": 1.2,
                    "sizes": []
                }
            },
            {
                "typography_typography": "custom",
                "typography_font_family": "Libre Baskerville",
                "typography_font_size": {
                    "unit": "rem",
                    "size": 1.3,
                    "sizes": []
                },
                "typography_font_size_tablet": {
                    "unit": "rem",
                    "size": 1.3,
                    "sizes": []
                },
                "typography_font_size_mobile": {
                    "unit": "rem",
                    "size": 1.2,
                    "sizes": []
                },
                "typography_font_weight": "600",
                "typography_font_style": "italic",
                "typography_line_height": {
                    "unit": "em",
                    "size": 1.4,
                    "sizes": []
                },
                "typography_line_height_tablet": {
                    "unit": "em",
                    "size": 1.2,
                    "sizes": []
                },
                "typography_line_height_mobile": {
                    "unit": "em",
                    "size": 1.2,
                    "sizes": []
                },
                "_id": "8d67ee1",
                "title": "Testimonial Text"
            },
            {
                "typography_typography": "custom",
                "typography_font_family": "Libre Baskerville",
                "typography_font_size": {
                    "unit": "rem",
                    "size": 0.75,
                    "sizes": []
                },
                "typography_font_size_tablet": {
                    "unit": "rem",
                    "size": "",
                    "sizes": []
                },
                "typography_font_size_mobile": {
                    "unit": "rem",
                    "size": "",
                    "sizes": []
                },
                "_id": "2e628e1",
                "title": "Small Text"
            }
        ],
        "default_generic_fonts": "Sans-serif",
        "container_width": {
            "unit": "px",
            "size": 1340,
            "sizes": []
        },
        "container_padding": {
            "unit": "px",
            "top": "0",
            "right": "0",
            "bottom": "0",
            "left": "0",
            "isLinked": false
        },
        "page_title_selector": "h1.entry-title",
        "hello_footer_copyright_text": "All rights reserved",
        "container_width_tablet": {
            "unit": "%",
            "size": 95,
            "sizes": []
        },
        "container_width_mobile": {
            "unit": "%",
            "size": 95,
            "sizes": []
        },
        "container_padding_tablet": {
            "unit": "px",
            "top": "0",
            "right": "0",
            "bottom": "0",
            "left": "0",
            "isLinked": false
        },
        "container_padding_mobile": {
            "unit": "px",
            "top": "0",
            "right": "0",
            "bottom": "0",
            "left": "0",
            "isLinked": false
        },
        "viewport_md": 768,
        "viewport_lg": 1025,
        "__globals__": {
            "h1_typography_typography": "globals\/typography?id=bde8a02",
            "h2_typography_typography": "globals\/typography?id=19d2b05",
            "h1_color": "globals\/colors?id=accent",
            "h2_color": "globals\/colors?id=accent",
            "h3_color": "globals\/colors?id=accent",
            "h3_typography_typography": "globals\/typography?id=7408150",
            "h4_typography_typography": "globals\/typography?id=0be1f79",
            "h4_color": "globals\/colors?id=accent",
            "h5_typography_typography": "globals\/typography?id=83cf588",
            "h5_color": "globals\/colors?id=accent",
            "h6_typography_typography": "globals\/typography?id=34d65a6",
            "h6_color": "globals\/colors?id=accent",
            "body_color": "globals\/colors?id=text",
            "button_typography_typography": "globals\/typography?id=accent",
            "button_text_color": "globals\/colors?id=secondary",
            "button_background_color": "globals\/colors?id=primary",
            "button_hover_background_color": "globals\/colors?id=c139d8d",
            "button_hover_text_color": "globals\/colors?id=secondary",
            "body_typography_typography": "globals\/typography?id=text",
            "link_normal_color": "globals\/colors?id=primary",
            "link_hover_color": "globals\/colors?id=secondary"
        },
        "colors_enable_styleguide_preview": "yes",
        "activeItemIndex": 3,
        "typography_enable_styleguide_preview": "yes",
        "button_border_radius": {
            "unit": "px",
            "top": "0",
            "right": "10",
            "bottom": "0",
            "left": "10",
            "isLinked": false
        },
        "button_padding": {
            "unit": "px",
            "top": "15",
            "right": "30",
            "bottom": "15",
            "left": "30",
            "isLinked": false
        },
        "button_hover_border_radius": {
            "unit": "px",
            "top": "10",
            "right": "0",
            "bottom": "10",
            "left": "0",
            "isLinked": false
        },
        "button_box_shadow_box_shadow_type": "yes",
        "button_box_shadow_box_shadow": {
            "horizontal": 0,
            "vertical": 5,
            "blur": 7,
            "spread": 0,
            "color": "rgba(0, 0, 0, 0.18)"
        }
    }
}